98642.1796875,215160.15625,254611.453125,413083.0625,345289.59375,431876.8125,604539.8125,296567.75,236510.125,174717.234375,36337.3671875,22254.22265625,15095.21484375,894.3624877929688,148.12240600585938,49.40380859375
127958.6328125,264941.53125,327344.375,544583.5,448081.0625,547117.6875,763437.4375,372012.5625,243182.515625,178804.84375,39002.296875,20845.537109375,17475.412109375,855.7119140625,100.42686462402344,62.9193115234375
142708.53125,285089.3125,339789.6875,538414.375,473218.3125,559714.75,768583.3125,352950.15625,296014.875,212637.859375,45194.234375,31335.46875,25699.083984375,1324.7041015625,278.5357971191406,80.11638641357422
118763.828125,250989.421875,280016.875,440563.46875,395143.0,508993.625,676065.0,396805.4375,280814.875,218152.671875,54140.703125,28792.484375,27406.494140625,873.005859375,65.75041198730469,44.208740234375
141465.84375,278078.53125,301378.4375,455953.53125,403280.90625,530197.0,698382.4375,391404.96875,307670.03125,224794.703125,58567.1171875,37407.73046875,29014.421875,1387.6983642578125,75.93834686279297,45.64080810546875
98572.9375,215778.5625,264600.625,419643.0625,380904.875,484782.03125,598479.625,347451.78125,244223.515625,174689.109375,45753.57421875,23963.912109375,20726.533203125,1104.943115234375,98.76692199707031,60.70018768310547
135685.890625,241567.078125,262049.4375,390387.40625,341879.78125,433923.3125,584092.1875,297568.28125,227486.890625,169514.265625,38387.7265625,20249.8125,17246.80078125,915.6401977539062,127.7892074584961,60.27663803100586
161723.34375,331209.0,381363.4375,579213.375,525143.1875,639706.1875,816431.5625,467122.59375,335972.90625,234908.09375,60218.9296875,37567.82421875,29017.53125,1659.7032470703125,174.64744567871094,61.36175537109375
150294.515625,312748.34375,288830.03125,370091.46875,333319.71875,437697.5,561067.875,288653.4375,252255.921875,193632.078125,41862.7734375,29944.185546875,22128.6640625,1156.6982421875,147.21669006347656,69.73593139648438
144377.265625,262643.46875,287915.9375,424742.1875,381056.25,477633.5,620575.75,316266.8125,265837.65625,188155.046875,46923.1484375,27024.912109375,23191.216796875,1121.6470947265625,94.64228820800781,64.68744659423828
133615.0,316488.65625,347593.46875,551891.5,472520.0625,555345.125,793202.75,356623.75,280311.0625,214002.65625,43724.5859375,31066.73046875,23294.140625,1146.7896728515625,127.27863311767578,58.90846252441406
137530.953125,262460.15625,310308.53125,485827.5625,427934.1875,520397.71875,670019.5625,348561.90625,268978.25,189127.078125,40539.4296875,27814.841796875,21298.115234375,730.9317016601562,98.20996856689453,61.48698043823242
131047.7734375,264831.46875,317458.34375,498925.5625,418832.0,500867.78125,665981.875,359288.84375,248829.453125,189006.828125,41522.3984375,23396.51171875,18889.337890625,828.0410766601562,60.217838287353516,68.47847747802734
92847.140625,216448.390625,266884.375,435248.71875,368235.1875,450940.0,597089.0625,310608.9375,234448.46875,164076.15625,33810.3359375,21729.1171875,15012.5673828125,722.5186157226562,45.7276496887207,40.57775115966797
144775.75,291293.5625,311074.125,448752.34375,402632.375,535287.625,684591.9375,380111.4375,304225.1875,216063.09375,52778.578125,32151.611328125,25939.037109375,1622.4696044921875,175.7136993408203,59.436973571777344
141810.75,317430.15625,350027.96875,521916.09375,462526.25,548326.25,709003.125,377592.65625,303508.1875,216776.15625,48388.84375,31323.095703125,23779.05859375,1123.2841796875,72.26573181152344,58.34837341308594
169629.46875,330232.125,329023.15625,472281.5,436303.59375,560852.625,730117.8125,405008.09375,316153.6875,226782.234375,48267.80859375,25812.62109375,20928.3671875,1060.7222900390625,79.2138900756836,62.09134292602539
148718.296875,325759.6875,357928.03125,550126.0625,479628.0625,610845.375,801530.6875,457792.53125,350990.03125,244505.28125,68552.5859375,42104.45703125,30377.572265625,1677.1971435546875,281.4165954589844,60.442352294921875
130572.1484375,253173.9375,280438.375,407764.8125,387338.90625,478314.46875,575968.3125,309019.03125,255440.90625,191947.6875,42200.23828125,27060.1015625,20638.478515625,1519.1641845703125,225.31002807617188,117.16183471679688
135825.15625,236692.890625,239122.09375,314401.875,286541.34375,372809.40625,470963.96875,227761.71875,223227.75,160201.03125,34562.7890625,22897.30078125,17995.919921875,1029.7532958984375,113.47974395751953,57.01218032836914
106866.59375,215050.796875,204254.15625,266251.65625,245588.390625,317493.6875,407206.15625,200761.15625,192812.578125,154653.703125,26268.3515625,22696.9140625,15787.5029296875,657.1171875,124.22050476074219,62.08000564575195
121651.703125,315159.34375,352180.4375,543039.5625,485494.59375,614175.625,801744.5625,460639.46875,301576.1875,214842.140625,42526.1953125,25158.458984375,20253.61328125,783.9732055664062,125.52892303466797,56.84202575683594
142628.140625,244666.765625,239650.65625,303587.34375,281532.09375,371474.28125,468296.28125,230526.84375,228445.90625,167745.078125,35510.96484375,24185.3046875,18814.447265625,1003.8695068359375,79.26021575927734,57.78379440307617
129748.2109375,223318.875,214347.703125,264427.5625,237386.0625,311239.6875,411727.03125,185825.0,193256.984375,154162.828125,22412.005859375,18945.556640625,13202.71484375,583.0443115234375,83.92948150634766,64.53848266601562
134486.203125,267422.21875,247301.5625,322705.625,296672.46875,380985.03125,536309.5,234212.828125,237962.953125,199815.46875,29357.25,27044.052734375,18810.900390625,624.8845825195312,125.57592010498047,61.8364372253418
137915.796875,249664.75,258501.234375,364419.875,330581.6875,427853.5625,557009.6875,300032.3125,237565.328125,180556.09375,42196.91015625,22907.10546875,17843.513671875,904.5841674804688,51.862457275390625,50.70875549316406
146705.171875,252324.90625,242616.265625,309704.375,282607.5625,367355.0,477743.5,219731.046875,224242.359375,172885.484375,29508.509765625,23797.5546875,18484.48828125,1206.6182861328125,253.02496337890625,88.12541961669922
137425.921875,304237.1875,355528.21875,567932.5,490025.78125,632668.125,837698.875,478332.9375,336074.65625,236406.546875,60179.62109375,34266.9765625,27637.244140625,1242.6138916015625,84.96441650390625,62.312232971191406
109171.796875,236368.71875,292608.78125,473015.8125,395016.96875,487472.15625,653981.875,379135.125,260800.625,194141.03125,56017.6640625,28520.939453125,23068.1875,1396.767333984375,166.7732391357422,61.99172592163086
122367.7109375,221281.4375,234341.3125,334448.5625,291088.0,362881.0,482471.96875,232576.703125,212693.90625,161101.0,29902.646484375,21140.111328125,17310.958984375,827.6758422851562,94.99089050292969,65.00043487548828
144701.5,310285.34375,325239.78125,476254.4375,409549.46875,518914.71875,689033.6875,376832.59375,293918.40625,198587.515625,51875.41796875,30387.400390625,23760.658203125,1136.404296875,62.51345443725586,49.797607421875
123901.84375,281658.59375,337589.75,550978.5625,455294.84375,542353.75,756865.75,353499.625,244814.75,185879.3125,40326.69921875,22590.251953125,19624.568359375,977.0521240234375,113.29684448242188,85.44340515136719
141651.984375,295409.96875,306482.75,452377.6875,405744.53125,528796.6875,694126.75,381136.34375,302717.9375,229429.21875,53543.0390625,36015.52734375,28301.451171875,1456.318359375,191.86312866210938,75.69115447998047
138848.0625,251472.203125,240619.09375,310521.90625,275875.09375,374752.25,506826.125,245854.5625,231920.265625,169489.234375,31985.38671875,22901.8359375,18894.916015625,888.8201904296875,168.9853515625,77.25981140136719
144762.765625,263790.25,271376.375,374370.625,334782.4375,446279.1875,595311.9375,299791.96875,270161.96875,193936.125,44924.078125,26781.162109375,19266.330078125,1398.180908203125,99.80868530273438,58.52574157714844
138855.0,283187.78125,336242.21875,536412.625,455925.0625,563322.5625,758213.4375,402170.9375,302566.03125,213158.890625,52084.17578125,27774.060546875,22536.8984375,1353.9378662109375,104.23571014404297,60.92557907104492
139804.125,309741.9375,371041.3125,597642.8125,550317.6875,684707.75,830287.0625,501050.46875,321495.375,233471.96875,49844.1484375,29171.283203125,25263.421875,1071.2586669921875,137.4080810546875,62.990474700927734
138180.90625,294967.1875,284529.65625,381061.75,355696.8125,454923.875,559017.8125,299288.9375,258082.5625,197454.0,43679.25390625,28523.80078125,22693.263671875,1296.386962890625,83.51435852050781,60.71392822265625
145839.34375,255500.546875,260112.75,362145.71875,313448.15625,412299.90625,582385.5625,254303.515625,232810.578125,175656.828125,37087.78515625,21413.4453125,17643.119140625,1086.544921875,146.84930419921875,75.41921997070312
119186.15625,285233.5,293001.53125,449569.53125,393556.1875,520552.03125,682612.125,379924.15625,274912.28125,213794.125,42013.21484375,33319.015625,22851.1171875,1220.6197509765625,129.96023559570312,72.70326232910156
129381.1875,292934.84375,351180.9375,566449.125,502247.15625,637810.875,810042.8125,471439.0,346194.6875,251723.09375,65660.515625,37867.91015625,32564.5625,1632.248046875,185.270263671875,81.39794158935547
141062.875,265347.3125,291467.3125,434823.28125,378342.625,488166.9375,650992.5,353624.9375,288538.40625,207183.75,48760.10546875,28525.810546875,20705.607421875,950.9583740234375,50.62077713012695,55.0422248840332
132632.046875,274961.71875,329970.25,514700.09375,463010.0,594452.25,764567.875,435792.09375,336239.21875,225600.296875,63772.55859375,36216.33984375,28678.85546875,1370.5780029296875,183.22134399414062,85.89262390136719
135086.65625,278786.46875,327100.78125,512151.96875,436411.8125,541625.0,734417.4375,359455.0625,290494.03125,209919.203125,45681.12890625,29142.021484375,20099.12890625,1122.8787841796875,128.8969268798828,71.22303009033203
161709.171875,351806.84375,390429.375,602035.5,531619.0625,661780.5,839644.75,512615.46875,371861.03125,259149.203125,65647.40625,39147.359375,29368.37890625,1498.5767822265625,129.53311157226562,56.117767333984375
132103.0,276259.6875,312271.8125,485595.96875,406326.5,521219.1875,726633.75,356238.625,257583.109375,183919.140625,47809.1171875,25254.23046875,21275.984375,1257.1143798828125,119.80889129638672,74.80085754394531
117028.046875,237139.078125,271991.25,404986.59375,377787.28125,492259.0,598756.3125,353218.03125,285189.9375,196597.390625,54578.69140625,33332.18359375,29544.53125,1386.3460693359375,240.2477569580078,72.6903076171875
111071.421875,226201.984375,266652.1875,409754.53125,358829.78125,453708.28125,577942.25,329494.625,242599.4375,168653.15625,46012.83203125,24501.94921875,18597.416015625,1271.2926025390625,118.54840850830078,64.6424560546875
136079.359375,251240.625,267313.03125,395833.875,355699.1875,466376.75,634259.6875,303396.9375,264133.34375,190082.578125,37350.1875,29398.09375,24887.654296875,1321.3031005859375,252.90576171875,106.582763671875
141449.875,324327.125,301050.5,400665.5625,352466.65625,463297.84375,611539.875,346336.9375,281882.28125,220878.125,39492.49609375,28492.5078125,18665.458984375,979.4347534179688,85.87501525878906,61.91375732421875
137127.921875,330024.8125,333348.71875,498561.21875,432301.84375,541601.4375,725912.4375,399167.65625,290782.03125,215579.578125,48293.15625,31175.798828125,23041.17578125,1544.38818359375,111.85775756835938,47.03766632080078
123472.234375,247095.3125,285439.65625,441382.5625,381232.5,490318.875,650097.625,347151.125,276320.375,182365.328125,52966.7109375,27227.82421875,21166.666015625,1105.5755615234375,67.54324340820312,52.027801513671875
158125.140625,388636.5,352758.125,427871.21875,384579.8125,518404.53125,688769.0,359832.5,318732.375,245708.109375,46782.625,35387.99609375,27179.779296875,1203.10009765625,217.90298461914062,78.56613159179688
146313.09375,260605.59375,261644.65625,343674.21875,306326.125,399043.84375,519323.375,233251.015625,233982.734375,173908.484375,31141.931640625,22032.43359375,15740.5166015625,794.0487060546875,93.40189361572266,49.873626708984375
133425.140625,295674.0,371444.40625,595572.5625,526228.6875,631949.875,816423.75,457991.21875,308273.96875,206590.734375,57952.203125,27679.19140625,24521.744140625,1472.54443359375,107.4737548828125,65.73796844482422
129773.0234375,297186.21875,367091.40625,585093.0625,522779.8125,630225.0,749864.8125,433187.375,285999.71875,181030.1875,39053.8359375,29694.4453125,27668.517578125,1313.417236328125,326.4514465332031,73.9887924194336
136829.34375,292895.4375,323670.6875,491179.5625,405205.34375,525676.25,746518.3125,350108.65625,261188.046875,189327.453125,45204.15234375,27389.5859375,23035.7734375,1136.9305419921875,80.8624267578125,59.53572082519531
151508.09375,308467.78125,358919.84375,565217.9375,470820.71875,581653.375,804779.625,407039.59375,310969.59375,223442.390625,49616.3828125,29043.224609375,19765.39453125,1053.484130859375,67.95719909667969,65.01795959472656
143062.828125,283505.34375,319548.3125,491879.09375,432192.34375,572867.375,747498.6875,409669.46875,306887.625,212610.796875,53310.9453125,28454.29296875,22548.115234375,1259.6845703125,102.21516418457031,92.886962890625
143399.78125,275410.34375,298245.96875,431835.96875,391857.9375,506115.96875,662902.6875,342283.8125,296794.78125,213373.65625,47586.95703125,35728.09765625,29287.353515625,1645.33349609375,334.90032958984375,99.17526245117188
118397.265625,265338.6875,334777.6875,532068.875,484296.3125,587608.625,682774.0,370770.3125,285513.09375,177021.328125,39221.16796875,28862.447265625,25124.3515625,1225.67138671875,327.7030029296875,75.10747528076172
139363.453125,288627.96875,323505.375,483037.125,420211.6875,559431.3125,722226.625,397628.71875,324220.6875,227907.71875,59608.52734375,33032.125,25946.6953125,1211.13427734375,117.37483215332031,64.112060546875
167855.75,364182.5625,346248.25,466926.625,412551.21875,517713.5,683694.875,324734.40625,284550.28125,213119.0625,44023.77734375,29360.390625,21500.357421875,1104.38818359375,79.70387268066406,69.06388092041016
116784.0234375,275490.34375,335855.71875,542639.6875,466689.125,569891.875,758035.75,411692.0625,274474.9375,195380.359375,53248.80859375,24501.9765625,20281.947265625,1102.259765625,56.27885818481445,50.52592086791992
141949.9375,303935.875,325244.5625,486966.25,432577.15625,552025.9375,705635.3125,402237.6875,274166.75,208463.234375,53096.74609375,27601.59375,23088.451171875,1028.644775390625,119.21694946289062,60.54914855957031
151148.5,314573.59375,358590.75,573386.625,509950.71875,691418.1875,912833.3125,555536.3125,355969.96875,251245.28125,66959.625,35865.21875,29424.609375,1819.2879638671875,314.7322998046875,82.23379516601562
147478.203125,307711.0625,311397.5,437669.46875,401758.5,505894.9375,619417.625,329568.90625,272474.28125,206255.015625,43248.6953125,28296.669921875,24850.580078125,1384.5023193359375,294.15606689453125,68.66707611083984
137721.140625,285713.09375,331968.78125,522863.9375,453385.03125,576951.25,755654.4375,444328.84375,305002.0,207121.328125,53822.76171875,27520.859375,20505.458984375,1156.470458984375,80.35181427001953,63.811222076416016
125046.96875,244793.0625,290129.9375,460343.90625,380701.34375,464306.5625,651247.125,300735.0625,232631.21875,185691.625,33150.0703125,23125.31640625,15782.986328125,790.8629760742188,125.14305114746094,60.189697265625
133976.53125,255976.03125,288721.34375,449895.59375,407489.5625,532577.6875,708580.4375,413346.5625,298185.9375,199832.34375,57163.0390625,28341.119140625,24974.958984375,1401.5267333984375,120.13029479980469,59.82664489746094
143278.640625,254784.546875,256581.453125,360112.15625,318341.3125,404633.59375,552221.6875,263306.78125,232748.796875,176460.71875,32062.8359375,23082.912109375,17540.328125,890.1019897460938,110.79707336425781,63.04114532470703
127835.0546875,239415.9375,265363.875,396805.0,333006.21875,413335.84375,557473.6875,286179.15625,235090.078125,183452.875,34144.1796875,24301.423828125,17319.607421875,780.3277587890625,81.25726318359375,52.81816101074219
137524.078125,246503.828125,245238.703125,339999.28125,289899.90625,392841.46875,559579.9375,256958.3125,232678.09375,180418.578125,30799.05078125,23442.1484375,19163.6171875,716.7208251953125,78.20602416992188,69.793212890625
135610.546875,278162.34375,319837.15625,505835.21875,436634.6875,542486.625,723088.3125,405081.5625,291733.6875,223719.828125,55175.62890625,34924.91015625,26091.830078125,1292.3427734375,54.426876068115234,56.85224151611328
134886.890625,308488.875,329712.4375,480900.5,429936.625,554644.125,698573.8125,391099.3125,323062.03125,219699.015625,51476.8359375,29301.8515625,20936.048828125,1091.838623046875,71.9255142211914,69.0517807006836
101330.390625,233833.140625,286945.59375,459248.8125,383504.0625,475066.9375,636084.5625,340070.5625,232274.53125,162534.734375,43583.51171875,22566.28515625,18043.37890625,1099.867919921875,70.77378845214844,51.134864807128906
112164.7421875,210347.46875,214514.1875,310953.84375,277890.71875,353381.78125,460789.21875,210730.421875,199306.125,134762.171875,21167.50390625,17286.8046875,12846.537109375,579.1239624023438,96.74476623535156,63.41399002075195
124284.0546875,212948.703125,205321.703125,258505.34375,232702.859375,312569.8125,423749.0,193434.171875,188506.078125,137609.8125,29540.890625,19651.5625,13452.08984375,722.5866088867188,73.42658233642578,50.78056335449219
112724.203125,228317.453125,275031.15625,445988.46875,371788.28125,455595.5,625133.0,331547.8125,221422.015625,153184.515625,40298.61328125,21097.494140625,18151.08203125,819.5541381835938,66.09378814697266,60.57332229614258
93773.7734375,204957.421875,256216.953125,396245.90625,357897.25,437912.125,540506.1875,298929.6875,232593.359375,161929.046875,43720.5078125,25346.435546875,18370.994140625,1278.6619873046875,139.56207275390625,67.59147644042969
137755.03125,302231.1875,334993.53125,491942.6875,419235.5,530758.75,714362.9375,351138.25,300001.0625,217358.65625,48593.22265625,34413.39453125,25853.662109375,1316.8753662109375,195.26657104492188,82.90042877197266
164499.328125,353844.0,342678.28125,452920.4375,431450.53125,559369.75,651341.5,333566.40625,325206.5625,246786.640625,40685.484375,31094.703125,25989.013671875,908.5864868164062,156.04893493652344,61.286441802978516
155954.078125,305639.84375,334736.1875,502673.84375,453644.625,580443.4375,757753.5625,420506.84375,344964.4375,238150.59375,58087.0234375,37212.47265625,30003.568359375,1956.2774658203125,194.9695587158203,55.221702575683594
148870.03125,323055.5625,329969.625,483410.09375,421421.59375,530689.5625,696705.5625,384240.0625,301873.9375,228845.296875,51900.41796875,32553.044921875,24302.98046875,1178.0357666015625,60.302555084228516,55.32912063598633
111650.796875,214845.765625,225474.84375,335249.34375,304156.875,401140.53125,538220.25,302954.0,227303.828125,173411.40625,38004.0,23130.392578125,18607.408203125,941.9976196289062,119.46495819091797,45.806819915771484
156235.140625,287159.4375,308210.28125,440018.0625,407023.25,521156.125,657711.375,345307.3125,306099.46875,221782.296875,49506.3203125,33444.71875,27032.880859375,1489.6639404296875,168.82394409179688,83.14368438720703
151745.796875,277674.46875,317079.84375,497804.59375,407386.53125,519559.34375,760398.5,328601.59375,295628.9375,212384.703125,40347.38671875,27048.697265625,19144.822265625,1073.37841796875,105.02449035644531,61.6335563659668
149648.984375,281515.9375,316559.40625,467111.3125,406120.9375,518608.6875,669513.5,367640.75,299393.4375,200423.390625,46655.49609375,29077.103515625,21368.44140625,1266.0081787109375,76.53594207763672,54.818626403808594
152484.375,301815.84375,335723.5625,507214.96875,454698.34375,560101.3125,695289.75,389098.25,303030.5,232004.734375,46117.42578125,28814.783203125,22494.302734375,1312.5162353515625,141.61849975585938,67.28634643554688
129668.5703125,243320.109375,235882.59375,313425.625,279425.46875,371253.28125,503286.84375,246010.28125,231378.203125,167309.703125,32417.458984375,24017.041015625,17070.419921875,899.6265258789062,130.45068359375,61.60905456542969
106203.7109375,212172.0625,260057.109375,423844.4375,360568.875,431166.65625,588804.6875,281854.75,215454.421875,168257.078125,34668.38671875,19552.861328125,17688.89453125,933.595947265625,69.16873168945312,47.82107925415039
164747.015625,344569.78125,397511.90625,639684.625,526100.8125,651700.5625,907278.25,430773.5,320851.15625,246040.65625,45638.31640625,34895.2578125,20536.87109375,624.10693359375,94.69339752197266,66.80256652832031
129188.765625,237149.09375,251657.03125,358765.28125,323300.90625,409912.09375,520543.125,264991.09375,228854.0625,164790.125,36090.29296875,24209.623046875,16784.251953125,927.9448852539062,66.33831787109375,58.47295379638672
140258.28125,322438.125,306351.625,420258.625,385202.78125,515577.34375,651255.25,376458.6875,303517.46875,224262.046875,47450.17578125,28485.978515625,19814.90625,1085.625244140625,166.16162109375,86.0768814086914
142186.234375,246893.5,257566.40625,370024.65625,323279.75,421822.84375,586662.4375,291966.0625,239863.140625,171181.609375,41426.41015625,24115.83984375,19711.8671875,1293.66943359375,142.2310791015625,76.72745513916016
140476.6875,308101.78125,386183.9375,618894.875,525433.625,633685.5625,831649.8125,466277.375,316601.40625,221583.140625,52334.96875,31223.220703125,23210.111328125,1142.177734375,81.0294418334961,50.482887268066406
128535.6875,252096.859375,269827.5,410286.9375,350352.75,460464.9375,630911.625,333507.6875,263153.8125,204974.234375,46342.84765625,29532.76171875,21984.970703125,1306.078125,110.10319519042969,61.520469665527344
142137.578125,263091.46875,302358.53125,465136.8125,385756.90625,470531.875,652552.3125,298693.6875,256636.828125,182489.890625,39657.53125,24207.953125,19080.345703125,1163.9010009765625,109.07886505126953,75.3979263305664
144863.9375,281655.8125,305297.09375,452506.90625,396920.84375,506449.3125,653604.625,335536.0,285649.1875,217114.515625,41683.1328125,30862.693359375,23238.0625,1010.1585693359375,114.27734375,64.58263397216797
119750.609375,267339.46875,321696.75,519350.25,439858.46875,551620.3125,758148.6875,400648.5,279509.40625,199685.59375,49809.84375,24921.099609375,17849.466796875,1202.5269775390625,54.33324432373047,54.77545928955078
136552.75,277309.96875,253552.546875,314230.90625,285431.03125,376608.3125,506604.53125,242711.078125,229673.65625,182467.015625,29297.388671875,21662.71875,15581.1201171875,660.9447021484375,75.20897674560547,51.10138702392578
139871.84375,235656.5625,226188.1875,284184.5625,258049.515625,336500.59375,449778.875,196872.796875,197932.25,155504.984375,26124.298828125,20311.115234375,14768.6474609375,726.2844848632812,100.28175354003906,63.561134338378906
133216.40625,279473.28125,275803.3125,376523.46875,326483.15625,408453.5625,548065.4375,264119.03125,240783.6875,180343.15625,34052.53125,25850.958984375,19409.8828125,853.8755493164062,99.373291015625,60.06651306152344
142438.90625,279889.1875,318266.84375,480052.65625,428164.5,548244.75,698722.4375,408368.875,308745.28125,221923.28125,54878.5078125,31838.458984375,25124.751953125,1064.6845703125,119.06208038330078,54.30926513671875
172143.125,386481.53125,320586.6875,332109.5,310225.1875,414114.46875,532396.1875,245102.40625,250561.75,197050.265625,29969.7890625,24329.537109375,16854.751953125,710.8079223632812,150.84017944335938,83.14328002929688
143938.625,278137.28125,281621.25,398248.78125,358631.59375,470633.1875,610898.5625,340451.8125,268913.25,195894.296875,45434.609375,24791.419921875,18354.28125,1410.224609375,90.12418365478516,58.764625549316406
145074.75,308709.875,309416.21875,436112.21875,389115.78125,499270.5,652792.625,355792.625,286881.8125,221554.1875,48701.45703125,33191.83984375,25824.6875,1060.3236083984375,105.41808319091797,53.816871643066406
162862.53125,357687.78125,435792.25,694742.9375,618578.25,771062.125,976881.1875,600031.625,436294.75,316311.90625,58819.23828125,34802.203125,28001.482421875,1223.1717529296875,89.1131362915039,51.562217712402344
128883.9140625,216352.25,202548.890625,243786.203125,221162.078125,289107.0,381358.96875,155950.34375,175156.078125,136309.65625,18611.123046875,16889.46875,12576.765625,445.246337890625,73.55078887939453,62.46571731567383
141538.703125,239931.328125,238099.046875,303943.1875,268977.75,347740.25,458659.375,209852.609375,203498.5,159625.5625,29029.607421875,17943.904296875,13688.802734375,861.319091796875,83.8544921875,56.93495178222656
143830.421875,330346.8125,307602.8125,430102.84375,371287.0625,498172.84375,670346.625,342663.53125,261026.109375,197648.96875,42855.28125,26218.30078125,19460.01953125,943.0371704101562,55.51853942871094,54.77065658569336
158577.3125,282563.15625,299686.4375,429729.125,381446.9375,507383.28125,684222.625,353870.3125,281630.3125,200384.640625,45651.15625,23961.9296875,17480.791015625,1281.186767578125,104.10873413085938,75.08856201171875
149737.53125,310822.3125,385967.21875,632205.75,528745.6875,622911.25,878194.875,394339.4375,287078.375,209206.546875,50358.0078125,26508.00390625,23062.89453125,1598.302490234375,103.28533935546875,90.6274642944336
141897.28125,290085.9375,350431.0625,558658.25,479511.46875,578790.25,767340.5,403422.78125,286092.34375,209304.421875,50577.28515625,29691.9765625,24744.599609375,981.738525390625,67.60806274414062,66.91556549072266
161149.75,328791.21875,377036.09375,581169.0,490122.21875,616507.5625,831114.375,435661.75,341900.40625,242569.5,56952.2890625,29761.58203125,24370.1875,1518.248046875,86.25007629394531,63.80546188354492
166020.53125,309242.59375,295168.3125,379055.84375,340032.125,440948.125,593408.3125,300243.84375,258964.1875,205382.25,42630.2734375,26227.658203125,18651.09375,920.0960083007812,74.20589447021484,57.68492126464844
135671.921875,271791.6875,320459.125,505751.5625,420761.0,509519.8125,708976.375,334724.25,266528.71875,204463.859375,40231.8359375,25284.044921875,20087.25,893.3716430664062,102.99226379394531,66.52214050292969
118834.9375,215204.734375,224629.171875,308099.125,272588.53125,356689.84375,467861.84375,232034.078125,202045.078125,158502.25,30648.103515625,21658.837890625,17127.763671875,714.0010375976562,93.95352172851562,59.72953796386719
105843.625,190191.671875,202062.5625,281650.03125,253343.890625,327574.875,410755.65625,213881.03125,193690.015625,140638.171875,32075.8828125,20051.607421875,16697.126953125,631.0733642578125,44.32356262207031,46.655616760253906
155541.78125,315744.65625,283369.25,349519.34375,311772.28125,391883.5,526563.25,227592.046875,221190.78125,171492.796875,27837.08984375,20560.46484375,15474.18359375,667.7037353515625,114.5153579711914,82.1300048828125
120324.640625,261289.390625,256136.21875,359152.25,326772.71875,435587.09375,577769.5,315812.875,230814.734375,164304.421875,37938.73828125,22840.826171875,18466.4296875,987.6697998046875,145.23532104492188,56.64772033691406
138505.546875,266235.125,306966.0,470454.78125,414993.25,488708.15625,647894.9375,336345.59375,247790.0625,185689.515625,39969.03515625,23800.818359375,18648.294921875,999.2753295898438,101.29424285888672,71.78723907470703
141335.6875,297754.21875,299111.125,428844.9375,365761.46875,468745.65625,634500.1875,342168.8125,258446.40625,203159.796875,45076.37109375,27315.318359375,22369.375,1482.833740234375,294.30035400390625,45.97584915161133
129485.671875,248254.5625,282747.84375,418773.96875,381688.65625,477226.90625,602764.9375,321184.0625,247981.8125,169032.421875,42339.59765625,21659.345703125,18001.83203125,1056.79638671875,61.000980377197266,57.264892578125
143452.28125,280444.34375,269198.65625,359376.59375,329687.8125,438466.28125,578207.1875,304908.625,247533.96875,203593.609375,37601.796875,22069.537109375,18394.755859375,804.498779296875,69.57962036132812,54.59234619140625
145115.21875,300514.625,306357.25,427007.3125,379129.8125,475889.25,615477.5625,334262.15625,272000.75,212298.53125,48583.9296875,33227.421875,27016.302734375,1453.2879638671875,231.45350646972656,69.9751968383789
128663.09375,285332.8125,321179.125,501937.34375,437526.03125,569630.9375,765143.8125,407155.375,317765.6875,222192.125,51926.6796875,30894.58203125,24212.8046875,1140.3424072265625,135.92361450195312,69.69923400878906
148714.1875,302019.125,349015.5625,557699.5,481261.125,624421.4375,825968.375,479566.03125,331735.4375,223265.8125,63465.81640625,31591.4921875,27503.2734375,1904.662353515625,218.26388549804688,82.07068634033203
140028.703125,351088.375,451996.0625,740247.0,662964.875,744888.0625,911293.9375,514673.5625,335210.375,224846.109375,51339.5,30812.390625,25408.466796875,1029.130859375,107.83865356445312,58.879066467285156
133691.8125,277164.21875,318449.65625,483919.65625,412702.28125,503400.1875,673950.125,361341.0625,292263.375,208041.0,49172.18359375,36318.2578125,26751.26953125,1002.468994140625,107.143798828125,55.52788543701172
131983.28125,223046.796875,217076.828125,279523.15625,246036.75,327157.9375,449157.4375,195552.328125,200442.796875,145655.046875,24186.40625,19653.5078125,12433.666015625,552.6405639648438,72.48687744140625,67.08683776855469
144211.671875,291294.25,289555.875,400798.25,360525.625,463405.78125,614105.875,332408.8125,274422.1875,214297.59375,51230.27734375,31499.794921875,27186.068359375,1303.4254150390625,114.5765380859375,59.089210510253906
106883.90625,244566.09375,291445.3125,450537.75,402008.625,512191.9375,641834.8125,381456.625,277411.0,201306.4375,62058.26953125,33551.64453125,24321.61328125,1491.314208984375,143.84878540039062,55.42019271850586
151955.71875,275876.6875,280120.46875,388624.34375,330581.15625,411077.71875,560752.9375,248397.921875,231138.203125,192764.53125,29224.8515625,23915.638671875,16349.2900390625,682.6882934570312,91.06571960449219,72.3648910522461
161476.9375,334936.25,357047.5625,527937.125,487327.40625,639162.25,805533.375,475799.625,356007.78125,251141.484375,64340.63671875,34399.703125,28820.890625,1347.850830078125,70.43731689453125,49.45532989501953
173651.125,339512.25,296101.4375,337219.03125,311999.375,410568.65625,557627.375,237804.109375,248647.0,188118.359375,27450.546875,21343.765625,17951.916015625,691.4873046875,146.35049438476562,65.34137725830078
149653.65625,276947.34375,264424.78125,343439.125,304621.125,394448.3125,540591.375,225884.125,229879.859375,175268.296875,29959.75390625,25217.451171875,17138.06640625,810.9676513671875,96.70281219482422,63.89522933959961
153615.0,337221.4375,303878.9375,372624.09375,336925.21875,441622.84375,568116.0,294289.71875,271305.84375,205297.28125,47375.015625,31366.09375,23878.447265625,1264.62451171875,101.84542846679688,58.81214904785156
113898.5703125,242511.6875,296131.28125,477174.375,387239.53125,442369.78125,625949.75,263750.4375,207728.265625,158073.71875,29223.751953125,20861.888671875,15359.189453125,684.2178955078125,99.65708923339844,69.08209991455078
124546.0546875,279078.0625,312880.59375,485344.46875,411792.875,528550.875,721312.375,367828.8125,290084.46875,208002.78125,46977.75,25126.33984375,20862.38671875,1058.9244384765625,57.687129974365234,51.81151580810547
128600.171875,283625.6875,343920.90625,557140.0625,458616.90625,566663.125,792865.8125,391761.75,281605.4375,207579.140625,50190.15234375,27387.375,21865.705078125,1104.344970703125,130.8778076171875,81.8990249633789
124782.453125,233626.140625,236658.9375,335069.75,286442.125,382587.75,529609.5625,253789.34375,217351.15625,166801.078125,31123.572265625,22649.365234375,15472.5693359375,574.8865966796875,72.57769775390625,65.77743530273438
143793.390625,249602.875,252708.0625,345563.5,307822.28125,393643.96875,535543.25,255929.890625,239691.0,173441.953125,37919.12890625,23621.447265625,17412.576171875,1198.854248046875,137.79017639160156,68.62323760986328
153335.5,303828.34375,347845.65625,505772.84375,461013.15625,579568.3125,711378.375,397876.9375,329125.375,230624.84375,56714.01171875,35269.9453125,25324.5625,1230.4969482421875,105.82775115966797,56.14678955078125
153056.453125,257260.8125,255059.046875,334277.46875,299300.9375,387127.875,513759.8125,237847.28125,233126.046875,175895.828125,29192.642578125,23683.921875,16749.060546875,700.8741455078125,66.71981811523438,54.743568420410156
154663.6875,414283.875,387627.65625,520539.09375,438618.09375,581801.3125,810220.0,351608.5625,277086.46875,219292.890625,39669.87890625,26573.4296875,16913.169921875,944.9464721679688,97.4840316772461,69.83180236816406
140112.078125,281377.5,340308.78125,542922.0,473164.6875,594834.4375,772498.8125,453974.34375,300966.53125,199668.796875,56828.26171875,25653.23828125,21123.76953125,1274.275390625,53.89268112182617,50.88111877441406
150344.234375,328587.5625,378910.125,607252.1875,517955.5,650594.125,898201.625,477838.28125,323368.53125,232720.875,60191.33203125,33960.0546875,25148.20703125,1420.0755615234375,103.65773010253906,58.60939025878906
127235.390625,301865.21875,305178.34375,428076.125,370240.53125,475279.1875,651812.875,323379.53125,249576.65625,170601.5,40156.640625,27035.06640625,19363.1875,1229.2757568359375,133.13433837890625,57.791133880615234
159021.453125,281868.53125,288489.375,384121.875,349859.90625,458610.46875,576476.8125,295212.0,269555.5,188531.4375,43901.98828125,28361.328125,21005.365234375,884.6139526367188,149.84483337402344,41.72673034667969
146800.265625,257386.578125,252589.34375,332455.34375,292403.6875,383670.71875,523290.09375,239163.78125,224574.046875,179400.6875,27050.6015625,22962.583984375,15278.861328125,609.679443359375,64.29774475097656,56.47896194458008
111908.6796875,250921.875,315269.9375,518608.6875,441199.8125,516959.09375,691310.125,368587.0625,264596.65625,205169.453125,43506.03125,27200.900390625,21810.142578125,734.7306518554688,73.95973205566406,60.607276916503906
142318.25,319770.15625,309279.90625,423623.78125,369467.71875,460164.25,609882.8125,315050.375,254835.421875,187773.375,40907.82421875,25431.16796875,18165.396484375,821.0681762695312,66.2446517944336,55.71626663208008
159138.109375,309330.90625,313102.4375,417786.15625,392689.09375,502783.21875,697817.5,287239.71875,297741.96875,217615.3125,34986.12109375,32235.4609375,20650.5078125,944.8590087890625,82.11256408691406,64.23782348632812
119519.8359375,219150.296875,223926.28125,317540.0625,280220.875,370092.625,506915.96875,242574.203125,212621.59375,174920.546875,30987.12109375,22441.8125,17972.67578125,907.3200073242188,90.80488586425781,48.54723358154297
111049.796875,242894.078125,297033.96875,469955.21875,396893.3125,481275.75,649058.4375,327580.6875,254109.140625,182091.484375,47332.83203125,27619.0,21174.63671875,1219.3739013671875,77.79889678955078,58.11084747314453
136128.359375,271772.125,262168.21875,333026.4375,294064.46875,391473.75,531762.25,240188.09375,229537.640625,177929.96875,35039.60546875,25728.4765625,17317.8828125,1103.44873046875,136.10955810546875,77.52880859375
153374.625,305414.71875,335404.96875,502609.40625,440863.34375,563542.0625,737512.5625,436155.34375,312704.28125,225735.21875,58728.3359375,31134.76171875,23524.6484375,1126.4381103515625,66.52017211914062,67.77359771728516
171592.84375,397922.5625,368519.53125,496440.84375,463129.84375,618373.875,802318.375,448498.71875,358526.46875,252111.4375,54356.46875,32708.470703125,27112.6875,1360.6971435546875,89.24385833740234,68.48279571533203
128495.390625,233452.59375,239120.84375,321947.59375,296626.03125,390556.3125,482413.15625,253541.078125,235173.359375,174012.25,39367.3359375,27080.515625,24121.375,1136.98291015625,104.15718078613281,70.77877807617188
85486.65625,196301.75,243448.734375,379928.03125,329048.21875,413182.375,520334.40625,290117.28125,230022.421875,153239.59375,42996.33203125,26819.5078125,21695.263671875,1095.6116943359375,69.71627044677734,50.51247024536133
165064.15625,332237.65625,390700.1875,606998.1875,515333.78125,626331.25,822707.5,440903.84375,302905.8125,216018.234375,54037.01953125,24449.62890625,21451.873046875,1170.660888671875,60.08552551269531,50.21166229248047
163004.796875,291408.65625,282271.5625,368366.0625,330439.8125,438228.625,595749.1875,295177.78125,247940.578125,194945.453125,36778.234375,25015.650390625,19075.865234375,1137.033447265625,183.66851806640625,84.86434173583984
129455.5078125,251769.375,290367.78125,443505.875,387667.9375,503501.34375,658437.625,398595.34375,298590.09375,196900.203125,53759.1796875,35120.83984375,25706.955078125,1173.0220947265625,95.71880340576172,56.575111389160156
159499.578125,348219.1875,368088.15625,557687.125,546278.25,722588.0625,884064.9375,525887.9375,430918.09375,292633.75,73674.4140625,44043.0234375,34032.0234375,1507.38330078125,128.40457153320312,70.20843505859375
101768.4296875,199587.625,230970.890625,360856.8125,311697.09375,413276.625,539612.3125,320824.15625,258224.6875,174655.40625,44842.16796875,25654.22265625,19698.5703125,1146.7957763671875,82.35511016845703,66.5822982788086
134539.015625,269786.5625,306637.65625,469873.75,432091.59375,550088.1875,707177.0625,403806.5625,323921.28125,212279.8125,57257.88671875,33356.9921875,24725.052734375,1600.40380859375,300.72900390625,65.45370483398438
131484.34375,273590.53125,287788.5625,444604.5625,380178.65625,510837.46875,730056.25,377199.46875,245199.796875,191407.4375,39179.36328125,22720.20703125,16438.677734375,746.890380859375,70.2876968383789,58.52187728881836
133472.78125,262077.125,264440.5,378742.0625,331842.90625,434808.625,581485.75,309628.5625,247240.46875,191010.671875,45575.91796875,28935.259765625,24015.6015625,1245.9263916015625,117.4247055053711,71.97235870361328
138741.71875,279870.125,308068.75,469986.9375,396260.84375,508933.65625,709302.3125,357393.71875,273564.09375,205498.3125,39411.44140625,25186.845703125,18753.107421875,661.6106567382812,46.442962646484375,54.65015411376953
135129.375,260764.9375,291077.4375,456166.03125,390164.375,503859.15625,690573.5,386142.78125,292296.28125,203255.0,51751.72265625,32326.32421875,23743.35546875,1714.6153564453125,300.1396789550781,68.89600372314453
129945.203125,307579.5625,392003.8125,652750.625,533476.6875,620614.25,885834.4375,421552.25,298566.09375,216056.34375,44959.00390625,32582.306640625,24297.310546875,798.16845703125,84.11080169677734,66.25476837158203
145649.796875,257593.84375,256427.859375,350521.59375,308661.125,406712.40625,561699.375,277614.6875,250893.0625,190045.734375,39375.25390625,25661.73828125,18721.685546875,1571.60693359375,331.87762451171875,66.93334197998047
139629.28125,275763.90625,282918.25,415602.03125,361628.125,479457.3125,658343.6875,361821.90625,275569.71875,201264.84375,49976.65625,28660.470703125,20530.07421875,1256.64892578125,78.30879211425781,48.55373764038086
138404.96875,297382.125,265265.96875,339786.71875,304122.40625,410706.6875,543530.0,269802.25,247943.296875,186067.46875,35837.40625,27283.189453125,18316.271484375,757.005126953125,130.0165557861328,68.0290756225586
141928.671875,349139.90625,413440.5625,668125.6875,559205.9375,690268.0,948019.3125,492931.53125,327184.84375,233296.21875,54236.82421875,29839.734375,20526.662109375,1106.57666015625,79.7171630859375,70.79782104492188
122822.765625,250433.953125,282170.4375,432044.25,374129.3125,465041.09375,621502.8125,357420.5625,233738.296875,170409.28125,39824.2265625,21421.05078125,18063.24609375,962.658203125,64.44769287109375,53.090850830078125
132160.234375,313242.34375,358517.75,556127.3125,465375.40625,581395.875,823331.25,385349.15625,281220.28125,195062.125,45728.92578125,25025.7421875,20338.466796875,925.7477416992188,57.21271514892578,59.70952606201172
173760.890625,352183.03125,334928.90625,440140.9375,394026.3125,508368.65625,651129.4375,330154.40625,283798.90625,219995.84375,46488.02734375,29915.505859375,21577.9765625,1385.0828857421875,127.5293960571289,78.1011962890625
133418.9375,242859.578125,263143.78125,376629.40625,338582.0625,442466.5,565743.5,318026.75,271685.875,189939.875,45334.5625,28524.69921875,21718.89453125,944.5776977539062,74.11222076416016,60.00763702392578
156413.3125,346712.0625,428123.125,697997.1875,589642.375,717485.4375,944246.1875,533951.8125,328438.75,229422.203125,62856.1640625,29328.10546875,24943.65625,1373.2601318359375,64.57075500488281,59.40982437133789
131628.859375,284945.96875,321121.03125,495211.625,450257.125,582364.125,740449.0625,441617.125,328388.5625,239683.734375,63179.18359375,40089.83984375,29639.94921875,1512.3463134765625,118.44169616699219,57.727943420410156
126359.890625,224613.734375,217117.4375,277240.46875,243417.515625,324437.21875,439899.8125,197706.8125,199433.78125,155220.421875,23228.119140625,20093.791015625,12889.6494140625,476.4927978515625,74.66897583007812,63.708473205566406
134281.734375,261277.796875,263925.3125,365389.1875,328433.5,425292.9375,552665.0,298106.46875,247266.84375,189701.421875,45462.1875,28255.76953125,22730.154296875,1172.1614990234375,104.13243103027344,48.461944580078125
133814.078125,251622.5625,264418.46875,379002.96875,348720.9375,432866.25,538634.9375,264415.03125,241963.21875,188418.09375,32444.15234375,25176.9296875,19552.107421875,767.9568481445312,101.32683563232422,54.75204849243164
133216.9375,291787.46875,275620.75,366566.21875,334461.84375,439105.625,573405.1875,297781.5,268531.53125,207553.0,39312.37109375,29255.517578125,23676.62890625,1098.106689453125,125.06517791748047,64.23963928222656
144138.796875,307736.71875,360081.03125,570256.5625,481620.71875,591349.25,788394.625,417899.65625,287422.0,216233.84375,54539.171875,29475.23828125,24680.609375,1409.7020263671875,55.35824966430664,43.982635498046875
128407.671875,278972.46875,332182.0625,534343.5,445847.1875,547954.4375,781972.4375,367835.46875,273567.65625,196909.734375,43016.7265625,24950.650390625,19456.568359375,941.620849609375,61.03201675415039,67.63339233398438
137958.625,261707.546875,267956.40625,391708.9375,342082.625,455911.5,638122.5,325120.4375,260263.546875,202276.734375,44686.5703125,24483.275390625,21199.388671875,1176.3223876953125,97.8799819946289,65.7651596069336
132492.484375,273319.1875,323559.71875,518940.90625,446035.09375,551147.625,753102.8125,391118.28125,289635.71875,196354.328125,50053.42578125,25223.232421875,22371.759765625,1242.5943603515625,127.3517074584961,68.30133056640625
129440.328125,265115.71875,273253.34375,383928.03125,342229.59375,448203.03125,579132.125,312713.40625,265500.40625,201994.015625,46327.73046875,30260.48828125,22018.99609375,961.849853515625,70.4313735961914,57.37006378173828
102644.25,213511.859375,247610.59375,391909.65625,324156.875,395984.65625,548834.1875,274397.8125,205635.03125,154013.359375,37437.98828125,24243.40234375,17594.650390625,879.91357421875,151.53170776367188,59.304649353027344
168347.96875,323152.0,348613.5,497796.75,449064.34375,585666.3125,738803.5,401183.1875,328182.5,232626.359375,57102.13671875,34067.76953125,26093.50390625,1400.178466796875,100.65054321289062,61.43626022338867
113947.46875,249973.46875,279448.625,430759.9375,360433.625,445029.28125,637585.1875,272717.0,224755.46875,163010.375,31925.8671875,18514.45703125,14788.4970703125,730.1482543945312,63.59249496459961,55.055477142333984
133232.578125,265942.40625,317421.75,514178.34375,448847.75,552708.0625,721430.375,399213.5625,283665.40625,204732.515625,53794.265625,31480.029296875,30298.4921875,1283.98779296875,126.51886749267578,66.60111236572266
114837.4765625,252617.828125,298688.84375,472289.1875,406479.25,513895.78125,708348.5625,365447.875,267861.59375,186820.546875,50955.6328125,32011.6953125,25499.302734375,1155.2764892578125,125.54492950439453,53.96576690673828
149912.359375,309778.375,309458.46875,460796.90625,395239.65625,515852.4375,705316.75,378102.21875,265270.25,196986.203125,53652.48828125,24570.33203125,19940.865234375,1278.4820556640625,116.79478454589844,53.4047737121582
150114.28125,322878.8125,328870.5625,441302.5,373514.5,486944.625,678368.0,302781.28125,275742.875,199244.5625,35228.8203125,25584.77734375,18375.744140625,929.0716552734375,67.10926055908203,53.188621520996094
158188.734375,309581.9375,344811.03125,499669.71875,439716.96875,550384.9375,708176.0,345405.875,299699.375,215108.03125,42245.234375,28722.72265625,22925.708984375,1121.0811767578125,108.4234619140625,61.73192596435547
143116.859375,281514.125,315009.78125,494571.9375,445904.3125,567731.5,755370.4375,406921.09375,324663.65625,241900.671875,55657.921875,35934.44921875,29986.44140625,1523.4190673828125,274.07208251953125,83.61470031738281
144857.421875,263890.28125,283238.40625,418744.375,367207.5625,482888.625,643602.125,343914.03125,282694.625,203835.28125,44893.15625,26980.396484375,20101.392578125,1108.418212890625,87.9443359375,50.80682373046875
103647.8203125,228521.265625,271827.75,438024.5625,377036.84375,468458.8125,624539.3125,327968.625,240526.28125,164709.5625,43363.4140625,20625.67578125,17626.080078125,1108.275390625,70.43567657470703,64.78497314453125
121586.15625,249624.96875,287374.03125,452618.9375,381620.875,473187.96875,669998.1875,318301.375,244026.90625,196585.578125,40714.28515625,27676.7578125,22986.037109375,854.6710815429688,90.37806701660156,77.6890869140625
129707.6875,291477.46875,328160.28125,505612.4375,428161.5625,543420.5,753303.75,369449.9375,278207.15625,196637.953125,47008.91015625,26772.13671875,18193.1640625,1120.0439453125,96.69878387451172,60.58730697631836
127739.765625,268966.6875,312205.46875,485400.125,424949.75,506575.28125,686329.0625,346386.40625,257558.21875,188846.46875,35980.8671875,27209.5234375,22719.380859375,861.0093994140625,118.19415283203125,65.71094512939453
141538.125,279894.1875,292222.96875,433295.25,375825.03125,488807.4375,661981.5625,338791.8125,278441.96875,200296.078125,46775.4296875,26493.435546875,24059.216796875,1248.6490478515625,123.6526870727539,59.9339599609375
131909.8125,281609.46875,311462.78125,484481.8125,426692.65625,563693.0625,757576.0,428620.53125,317654.125,212875.859375,60298.921875,30012.373046875,22205.474609375,1838.509033203125,213.86676025390625,52.51538848876953
120177.2109375,276041.6875,280598.21875,431032.03125,378873.8125,502987.375,681363.625,372627.96875,277358.3125,204906.40625,45443.86328125,24266.365234375,19010.138671875,1117.7933349609375,75.91549682617188,54.628135681152344
129116.0234375,246170.4375,268496.375,405810.90625,356545.5625,456545.0,609996.375,322712.53125,240624.796875,178012.953125,43933.7890625,21079.23046875,16500.14453125,883.9463500976562,62.77781295776367,52.28335952758789
137986.390625,236937.484375,233765.25,312842.5,274411.15625,363918.40625,523302.28125,216352.671875,228885.625,184901.8125,27705.599609375,21482.87890625,14038.80078125,794.033203125,139.81402587890625,61.04960632324219
146155.109375,279210.96875,318322.6875,486199.96875,438683.4375,579587.5625,734769.5625,434650.0,334068.5,230055.71875,58943.08203125,33304.9609375,23286.279296875,1226.3050537109375,124.75908660888672,57.37818908691406
153763.796875,348382.75,380082.34375,589014.875,493421.0,617927.3125,863794.5625,439624.75,311966.03125,236323.0625,52824.51953125,33376.453125,22924.9296875,1419.9324951171875,83.70008850097656,60.35528564453125
131559.3125,290993.8125,346622.9375,558643.0625,470414.96875,598704.625,810878.0625,461438.3125,296853.5625,205726.125,59261.0390625,27540.927734375,21628.810546875,1436.9512939453125,78.42544555664062,57.32375717163086
154261.234375,357178.25,335773.71875,465808.78125,422082.78125,554554.5625,704110.4375,421694.46875,311527.59375,226525.796875,53179.7578125,34917.4140625,23421.779296875,1161.2496337890625,73.84347534179688,55.23769760131836
131573.890625,236812.375,225634.609375,296348.46875,269929.34375,358330.875,496786.125,238255.71875,243707.90625,201720.421875,31059.982421875,27008.98046875,21928.1328125,1011.1300659179688,132.10008239746094,78.9181137084961
141616.15625,260814.515625,283437.28125,409336.0,364818.78125,469572.4375,596963.125,336306.375,271852.0625,189382.765625,45963.765625,27049.802734375,20919.240234375,1002.08984375,82.54106140136719,71.6959228515625
129683.0859375,284058.375,344221.6875,592590.125,525293.9375,691643.875,895262.9375,512780.21875,297910.53125,213778.25,52578.34765625,24652.560546875,18860.611328125,1082.21923828125,176.24716186523438,80.21305847167969
143608.40625,261351.125,288637.5,435472.0,382701.125,489930.25,659534.5,338702.125,289809.9375,203085.546875,47482.95703125,28742.4375,22495.14453125,1246.951171875,163.8253173828125,67.11810302734375
125244.8125,267266.875,270613.46875,411115.78125,337758.59375,446613.25,643721.9375,284524.78125,244243.25,191991.609375,32178.421875,20652.15625,15654.0810546875,998.3837890625,130.16131591796875,75.42190551757812
154431.640625,302254.8125,332176.03125,500819.3125,425968.625,548123.6875,753601.125,375593.9375,304609.96875,224707.890625,48381.4296875,30134.994140625,23113.232421875,1054.231201171875,89.7138442993164,73.34446716308594
141338.734375,262214.3125,295281.40625,459634.46875,405206.84375,517201.28125,690473.6875,365539.09375,273208.375,194753.84375,44302.53125,25037.5234375,21390.416015625,1044.224365234375,80.3293685913086,64.97576141357422
113943.5,234719.3125,282788.1875,456688.0625,372726.5625,463326.84375,644871.25,318860.9375,248121.015625,175697.5625,39435.2890625,23996.3828125,19122.427734375,885.854736328125,94.68672180175781,44.616764068603516
133981.0625,308593.5625,363314.09375,572072.1875,495542.6875,626249.5,805034.625,461963.71875,325176.5,224764.0,63460.5625,36356.44140625,28778.302734375,2313.49609375,192.97384643554688,41.581871032714844
153915.96875,332329.15625,391025.21875,627791.1875,517163.28125,663522.125,889359.5625,527978.0,360376.96875,261319.515625,63717.28515625,33623.71484375,25730.095703125,1422.520263671875,110.99913787841797,64.62079620361328
129404.3984375,253917.71875,276893.84375,417623.9375,356522.90625,463172.4375,627466.0,331620.75,267336.21875,196945.0625,46281.5859375,29187.91015625,22125.46484375,1085.169189453125,128.6451873779297,71.2748794555664
111945.5078125,250456.4375,280959.71875,441034.9375,401009.9375,525773.3125,654699.625,387320.125,289194.1875,196655.015625,49948.17578125,30297.869140625,23697.013671875,1960.0228271484375,453.0066223144531,86.26903533935547
144465.125,279143.28125,318487.78125,481668.5625,413374.375,501962.25,670394.6875,345640.34375,257740.796875,197247.78125,44010.3359375,25633.56640625,21385.44921875,1144.568603515625,93.65062713623047,61.02742385864258
149064.6875,301469.28125,317397.03125,462483.0625,425071.8125,578138.3125,754883.375,449852.21875,343915.125,253861.203125,61627.27734375,36863.22265625,29498.1640625,2025.396728515625,354.53741455078125,44.40885543823242
149127.890625,281304.25,319779.28125,504795.0625,419689.78125,524779.5,745397.5,339653.6875,271050.625,223100.578125,38656.2734375,26306.501953125,22003.107421875,1544.7191162109375,238.93218994140625,54.96816635131836
143887.0,244704.265625,240150.59375,310343.75,275719.5,354110.375,470250.96875,207695.359375,205070.265625,159721.390625,25931.15234375,21394.53515625,16117.4755859375,947.3378295898438,256.884765625,104.10150146484375
154297.296875,264858.40625,270207.3125,362945.3125,330695.5,410802.0,520067.71875,250716.28125,209961.71875,162537.640625,29104.8984375,19898.423828125,16366.154296875,736.3927612304688,73.42269897460938,63.26381301879883
140489.28125,335620.6875,408333.1875,635927.3125,579193.375,656636.5,807000.375,407287.53125,317559.65625,211899.015625,49382.62109375,32958.73046875,24426.578125,905.7852172851562,93.29817199707031,57.704872131347656
114037.1640625,264491.28125,290364.65625,446792.40625,411400.25,547315.5,681434.875,398775.1875,288750.625,200716.578125,52370.171875,25763.578125,21320.212890625,1112.9127197265625,62.49889373779297,48.28230285644531
164011.546875,318859.1875,316607.53125,460896.96875,428221.15625,543091.6875,721659.8125,367024.46875,291286.5625,230949.765625,39795.265625,27478.76953125,22942.326171875,1014.8897705078125,197.5042724609375,63.0880241394043
130059.84375,305909.25,263300.28125,325317.3125,305963.78125,406174.59375,518426.25,295503.03125,246121.375,193682.765625,41807.7578125,26556.064453125,21186.134765625,1265.68798828125,243.01815795898438,95.75331115722656
145892.546875,305431.28125,321192.40625,473391.28125,431389.78125,540587.6875,710848.125,385206.28125,296550.71875,217000.109375,47147.609375,28376.388671875,23103.080078125,1442.9283447265625,156.41366577148438,73.91504669189453
117505.359375,245970.46875,241676.4375,334316.90625,292669.0625,372895.6875,513517.125,242815.8125,217033.953125,179657.375,31375.923828125,22041.740234375,17244.103515625,966.271484375,96.11263275146484,49.863731384277344
109485.40625,237187.671875,274254.53125,444409.96875,372516.71875,487468.1875,673114.5,355970.9375,247730.0,180502.796875,44293.453125,23984.8046875,19631.4140625,1020.9501342773438,49.075096130371094,45.19016647338867
127928.8984375,252480.046875,287334.90625,450278.1875,402843.09375,495704.15625,653091.8125,351865.59375,269271.59375,198653.046875,40461.09375,26930.1015625,22553.2734375,1014.1160888671875,48.2958984375,51.54668426513672
105919.015625,212188.84375,228089.671875,340426.9375,297292.40625,393232.40625,527581.125,279464.5,227752.921875,174947.1875,43047.54296875,27182.43359375,20448.677734375,1191.024658203125,104.23646545410156,53.50332260131836
143115.453125,326509.09375,355205.9375,534716.375,462403.3125,551079.9375,793653.4375,287929.4375,235993.53125,180468.984375,27888.501953125,21010.7890625,16718.796875,584.080078125,115.51410675048828,65.18273162841797
131855.984375,275112.03125,246072.03125,300628.28125,273934.46875,347229.375,453356.5,225196.84375,195631.6875,161187.515625,26682.86328125,21674.498046875,16553.021484375,518.1278076171875,63.994850158691406,68.32713317871094
128966.46875,260308.390625,295282.03125,445220.4375,405143.59375,502526.53125,637254.75,383859.25,306608.625,205272.78125,49668.45703125,33638.02734375,25758.23046875,1174.82177734375,71.34580993652344,54.300048828125
125268.3203125,237378.3125,246637.21875,361129.71875,315602.46875,423527.90625,565161.6875,300740.1875,252394.859375,193781.171875,40939.671875,28513.796875,20599.154296875,981.43896484375,88.03338623046875,52.16459274291992
116548.21875,266973.96875,303081.5625,461911.1875,427475.96875,496369.28125,636817.375,332397.25,257768.453125,182799.03125,36071.9609375,27253.90234375,21711.103515625,1256.452880859375,179.03587341308594,73.9990234375
150186.328125,321528.0,393453.375,646210.25,533632.9375,642883.6875,881658.0,465056.15625,315638.96875,234552.328125,49635.39453125,32915.88671875,23479.03125,885.593017578125,135.30648803710938,77.72612762451172
133262.53125,283420.71875,321537.375,502288.03125,457200.4375,597421.6875,758462.5,444778.96875,314523.25,215951.1875,60122.30859375,28656.162109375,22432.869140625,1375.6053466796875,55.396690368652344,42.147705078125
146233.5,264209.875,286054.59375,419290.5,371104.0625,467230.8125,615347.875,339520.375,256494.828125,187816.296875,49539.046875,33963.9765625,28742.40625,1460.8624267578125,112.45384979248047,50.84418869018555
141854.0,280383.71875,297361.6875,445904.8125,406518.125,464926.125,627752.4375,283062.90625,227634.453125,185233.640625,25093.74609375,21045.3671875,17581.3984375,876.9629516601562,187.9748077392578,101.2923583984375
112231.6484375,201784.71875,221822.9375,322483.65625,286854.46875,360540.5,466458.96875,242250.46875,203758.75,142801.078125,31934.791015625,19533.15625,15028.68359375,803.92822265625,78.20378875732422,43.21650695800781
