,conv1,conv1_1,conv2,conv2_1,conv3,conv3_1,conv3_2,conv4,conv4_1,conv4_2,conv5,conv5_1,conv5_2,fc6,fc7,fc8a
0,-0.8743554557631801,-0.8634884035176251,-0.834178065034489,-0.829675731558098,-0.7335871056474319,-0.6865456906760086,-0.7179352131319701,-0.6398245070810691,-0.5823870283654398,-0.608931627203829,-0.5363287161128054,-0.4747555077352278,-0.44130734168165875,-0.34600223082598275,-0.35533264934563513,-0.3902867007822391
1,-0.9483811462599389,-0.9245049991997638,-0.9325118575475465,-0.9462585629965072,-0.9166139797240006,-0.8805244586829054,-0.8657295103609717,-0.817011810528274,-0.7293748350057252,-0.7075226200993733,-0.6375858089347349,-0.5906860512488584,-0.5570075931855517,-0.5372883748416803,-0.42326944946204026,-0.5504534209859318
2,-0.9623561855586693,-0.9388826361778365,-0.9396979272380965,-0.9441985649710238,-0.9078532929905596,-0.8557589161768981,-0.8202647126001154,-0.7301278092269061,-0.6672943084300099,-0.660191228368081,-0.6065609671806069,-0.6037675653507081,-0.5299846502761718,-0.5157759233006287,-0.4941296999985178,-0.5262158676932278
3,-0.9419662616170503,-0.9217751711710184,-0.9132126317440323,-0.9067225864249546,-0.8586970266971398,-0.8226202365576247,-0.8157085476180469,-0.801229100459836,-0.742158671303754,-0.7140883689589164,-0.6979941339743627,-0.6584346195438523,-0.5998097741044817,-0.5587005361027364,-0.4068405228616398,-0.456550382929624
4,-0.9657963070279769,-0.9431683478460531,-0.927360342532767,-0.9101225413309613,-0.8427753175561679,-0.8048103448144246,-0.7851580286714707,-0.7620422351760546,-0.7137273194536726,-0.7035537571073923,-0.7005224070358971,-0.6397742846366556,-0.6244721504115657,-0.535042184966221,-0.4181091653967965,-0.3173776306432412
5,-0.8698998889727622,-0.8572531874163101,-0.8238144480659713,-0.8239587188122802,-0.7749677629411712,-0.749638204275737,-0.755187347324272,-0.7794817152509003,-0.7168054314417517,-0.7100654689997018,-0.7154394778000948,-0.6691459708920703,-0.5907553182369251,-0.4425414712493805,-0.3990133890211499,-0.5641630975381315
6,-0.9765272436633454,-0.951106190342588,-0.9258631372479497,-0.8975721578895336,-0.8196407747370711,-0.7807518150779573,-0.7624421567290751,-0.7284433496502646,-0.6656441537808051,-0.6458563002300436,-0.5953270887704101,-0.5475267686316846,-0.48372428854761873,-0.5367854559511236,-0.42933662057239896,-0.2289434709629428
7,-0.9628516065576611,-0.9452556576109804,-0.9381090897298794,-0.9316832665566259,-0.8838858603689095,-0.8342260632811871,-0.8088142957480717,-0.7635227690805809,-0.6939977602110949,-0.6698672685419466,-0.6667276990470483,-0.6218754227666758,-0.5547618313308447,-0.3806276346758186,-0.3493662023683464,-0.47811879108073835
8,-0.9569438692443825,-0.9501002170719584,-0.9384657768163785,-0.8920583495635549,-0.8018914781010207,-0.7613026998585946,-0.7241748853807218,-0.6833172375719696,-0.6656790578175253,-0.6428015062811332,-0.6026222708091382,-0.5450902595548115,-0.3988894274105916,-0.39635495577115665,-0.4464885960289314,-0.5135499616006586
9,-0.9682072615908404,-0.94441733614471,-0.9128489396399726,-0.8833828873303436,-0.8090711799255614,-0.7750894648634864,-0.768301109809978,-0.7311983924130497,-0.693016229523524,-0.6925874527419135,-0.6573763273772624,-0.6335933921006509,-0.6254399560121939,-0.5203103174041247,-0.4234196527468982,-0.43837342514327526
10,-0.9272659549346414,-0.9276855111659221,-0.9364772161061565,-0.9434025214112904,-0.8980532730213524,-0.8381298209522308,-0.8138474005698714,-0.69841478788314,-0.6564186711440472,-0.6456526982104173,-0.5960189123000746,-0.5689861187036819,-0.4031820662851686,-0.4717023347758457,-0.4363034662936077,-0.4464717955550015
11,-0.9520775471035602,-0.9260882729158624,-0.9035070713646379,-0.8945865428194959,-0.8438254988603372,-0.7999484770629883,-0.781227372605793,-0.7529598334292149,-0.685686330705147,-0.6895041221381853,-0.6223497543142197,-0.5859140795200368,-0.4948380388520183,-0.4913597783764492,-0.5180917104477919,-0.38830047455368144
12,-0.9525561644319791,-0.9279890060575493,-0.9248833014989236,-0.9269365502323273,-0.8805434577729995,-0.8325915671662751,-0.8134597446390059,-0.786678079255844,-0.6998017431859983,-0.7150572449454734,-0.636598254816847,-0.5910473309269147,-0.6300193958691349,-0.4995255010829084,-0.445083777849068,-0.2710446833953315
13,-0.8558439072194346,-0.8563353885925706,-0.8398963762311771,-0.841135527011735,-0.7576399555724362,-0.6993553373775905,-0.713756090920532,-0.664945144103578,-0.58734092528103,-0.6012104557766071,-0.5387472522068366,-0.5199556252252203,-0.4517812649185893,-0.41193179102386646,-0.3476066998853997,-0.1523549610723119
14,-0.9502210386034537,-0.9385004639727308,-0.9188334107742891,-0.8891497703333617,-0.8252811696748641,-0.8027677772552184,-0.7932192811704817,-0.7755575722537322,-0.733400157402948,-0.7070714803909873,-0.6837311473896187,-0.6521142646087306,-0.5583335418634904,-0.5687183680192973,-0.494114990756769,-0.4707478304825192
15,-0.9358715237292867,-0.9316960404172978,-0.9261780326314876,-0.9189600654689822,-0.8666422141815963,-0.802581666041724,-0.7726334747661137,-0.7164136692701684,-0.6655213164314877,-0.6585247574159276,-0.6367196641134794,-0.6397817863637459,-0.5980755629473761,-0.5906007903819439,-0.5109094821704447,-0.6602360894894684
16,-0.9665493268725643,-0.9527465849556238,-0.9191129920087817,-0.8749922257627692,-0.7845454947103851,-0.7421155283375034,-0.7304173476076157,-0.6916448187694324,-0.6362243395797207,-0.6310822953928432,-0.5931405032385028,-0.55801036919802,-0.5220713029668331,-0.5018733113525433,-0.4665328174605406,-0.43568824527456074
17,-0.9509448273368937,-0.9409312654026121,-0.9420271634278595,-0.9403004561472565,-0.8957670137318954,-0.8580105453206616,-0.833486438313309,-0.8049304718468984,-0.7654990301610194,-0.7337712355372722,-0.7617868218197528,-0.7538696468950856,-0.7060727264892411,-0.7444062757458757,-0.8374408220262377,-0.9333309037780064
18,-0.9667526473929617,-0.9425103582490789,-0.9349472092695044,-0.9228791503504117,-0.8916964317421979,-0.8546487462182969,-0.8256504439340068,-0.7896961391787021,-0.7492489869314373,-0.7370641167597163,-0.7023116242152827,-0.6459504086675101,-0.5663334763503027,-0.6216939941704609,-0.6174695363472358,-0.5225037947645932
19,-0.9553077570440986,-0.9318237308251707,-0.8620482114720618,-0.7787463070596158,-0.6621998681913297,-0.6424064526334383,-0.6566010517203695,-0.6053619660140785,-0.6140763772729116,-0.6233513500579654,-0.546685673154691,-0.5292227038604891,-0.48072091475916356,-0.30705091844578125,-0.24438451134582864,-0.12184109033441023
20,-0.934502678654103,-0.9145721785900114,-0.8889498673610265,-0.8282250699643521,-0.7509334433455921,-0.7293126692873309,-0.7075465763242772,-0.652737565709289,-0.6448430935457812,-0.6416395912712682,-0.5368854903095716,-0.5392898100405106,-0.5643805223654518,-0.6529756010320289,-0.6075846163703805,-0.6600225162957546
21,-0.8814536018045784,-0.9186713115448828,-0.9269360874961077,-0.9208167228743367,-0.8736083140065428,-0.8237114512641723,-0.805108625822111,-0.7628338150857107,-0.6581707042710495,-0.6401318961881575,-0.5917543142876138,-0.56422663134716,-0.5594381512034731,-0.48215812014504267,-0.4911628598526662,-0.4437477248174527
22,-0.9767335867189016,-0.9595030598926158,-0.9175387529918835,-0.8445347416794835,-0.7541091990524373,-0.7385188729425015,-0.7260045434333262,-0.6957511192897846,-0.6835641483134971,-0.6506687127148697,-0.6234767890621802,-0.6019073216927656,-0.4715285684472533,-0.5500089745913525,-0.4446750180142514,-0.39246409098868934
23,-0.9581413321123557,-0.9392036090976903,-0.8874081518377659,-0.8034512799174944,-0.7001679109563723,-0.6810801002626125,-0.6753077885807781,-0.6004091490046655,-0.6182964891536835,-0.609918281229918,-0.4490776312201753,-0.48356894883198887,-0.49581251556494443,-0.450198081293529,-0.36963750349466945,-0.3313014571154755
24,-0.9653528349182963,-0.9448007671185155,-0.9404033568193497,-0.8968822151287615,-0.8015551063656775,-0.7522976351733703,-0.7227790284955312,-0.6049530621494124,-0.6141910815032579,-0.6409630266783912,-0.49861175284817155,-0.5004385102113622,-0.4624488023197999,-0.5204816754370939,-0.45871347140487995,-0.527779610057545
25,-0.9761683996026217,-0.9555348722917648,-0.9287305065587801,-0.8902121784940379,-0.818586281926187,-0.7862359946604588,-0.7648656850572391,-0.7345508324277554,-0.6817144702592274,-0.6605594705095141,-0.6749635397162728,-0.6417294565219177,-0.5872867579579985,-0.5579497745382191,-0.4109746525641386,-0.11357961943016072
26,-0.9795452573307576,-0.9603828439008484,-0.9205420195515537,-0.8475682397466178,-0.7285520288450335,-0.6983115123212091,-0.6798111410053842,-0.591783253074539,-0.5974744867875952,-0.5954750220168541,-0.513350978562113,-0.49279284119696676,-0.3831791810412566,-0.3741393642135057,-0.345168493691844,-0.22920090720316783
27,-0.9423656577402532,-0.9340262204399372,-0.9424600767478496,-0.9490853551682024,-0.9162437296602848,-0.8827243177147681,-0.8517295783639378,-0.8294607793991703,-0.7667347952441683,-0.7386269958216616,-0.7358475928575461,-0.7076947479806338,-0.6186907227810267,-0.5501761746368721,-0.4600278341154379,-0.5227342349429103
28,-0.9327230619361866,-0.904240263865071,-0.9115791355139609,-0.9229394617382795,-0.8806921449302834,-0.8402929743396802,-0.8264361137760221,-0.8270047165700135,-0.7657609994111998,-0.7557649569371849,-0.7942441992849906,-0.7510032280070185,-0.7224852252049443,-0.6003072672258172,-0.40839423221968363,-0.3528686162156572
29,-0.9505373056895237,-0.9288626443154293,-0.8836407639497628,-0.8317549223236129,-0.7253165052745643,-0.6907548936337365,-0.6928718317067081,-0.631210126637584,-0.614671468591756,-0.6080139288323011,-0.5114877969468654,-0.4911580837944554,-0.48654299088255276,-0.45288201928801397,-0.25233526334007017,-0.2825930415470778
30,-0.9562186154154636,-0.9400910731071563,-0.9377271935693376,-0.9292604186491396,-0.8781111916502508,-0.8396151487249723,-0.8055150052759041,-0.7820694401705879,-0.7233031638590744,-0.6715183193570502,-0.6904124583677848,-0.6561986093963601,-0.5229466261743854,-0.44072883358817777,-0.42916477745557763,-0.6012229791564658
31,-0.9174585511965878,-0.9162976006387776,-0.9171031011744056,-0.9254804246156462,-0.8702889470104636,-0.8102825302679318,-0.7900674717691469,-0.6940013748844449,-0.6007209062010592,-0.5825798102272955,-0.5724106423850572,-0.5303100721733729,-0.5128060490620472,-0.4324867664634039,-0.22471515693053,-0.31429703096575606
32,-0.9460215925454056,-0.9339929206494122,-0.9185262442705131,-0.8990929724126173,-0.8338113139840293,-0.793461597611468,-0.7747301086459953,-0.7296167234843545,-0.6825953529620545,-0.685209255019811,-0.6774662811354553,-0.6730627050922898,-0.6796168545836473,-0.5239088110538362,-0.6708723444366611,-0.8625120050626023
33,-0.9729847325888917,-0.9598674202723916,-0.9348949856544628,-0.8777337407102447,-0.788031124785527,-0.772731193634477,-0.7603080489612911,-0.7020660012803743,-0.6883996355920987,-0.670332624156959,-0.5558586522268163,-0.566668264821789,-0.44545178319832945,-0.3903486734579228,-0.24034030890220084,-0.08652451689143273
34,-0.9729009173132895,-0.9559232342134141,-0.9325886046174052,-0.8921040401093387,-0.8195840846949782,-0.7961164909304607,-0.7812331258759706,-0.7412135314548922,-0.7286359680364833,-0.705779364023389,-0.652073414090973,-0.6315516550711793,-0.5230331497056866,-0.5136648018279718,-0.40447046390916724,-0.29797051597903174
35,-0.9452412496695218,-0.9257848337413306,-0.9118753961009745,-0.9085525831220618,-0.8476940425101495,-0.8055476144925207,-0.7972919974867285,-0.7563411477735174,-0.6878429556716675,-0.6816051054662879,-0.636301022820599,-0.5938721554355723,-0.5418725036359506,-0.47752953743253085,-0.3362155610078052,-0.41368659673820973
36,-0.9251252169559592,-0.9207566254113005,-0.9119381342677193,-0.9108304310103156,-0.8725135609801613,-0.830021518684096,-0.812700303420185,-0.794041606406799,-0.6985066012390861,-0.6869693506639218,-0.6509839195807879,-0.635616124558362,-0.6432989386888803,-0.6313797338687118,-0.5135479264801494,-0.22853878357717577
37,-0.9592457938206387,-0.942132963545186,-0.9395173217638355,-0.9196340301751947,-0.866773814292261,-0.8276783706436981,-0.786417949962481,-0.7433906167931604,-0.7253349795121272,-0.71290226127272,-0.6913404182383223,-0.6776496178894306,-0.6170704434031887,-0.5031565095803674,-0.5206585912220282,-0.6374194757711669
38,-0.9889757518701054,-0.9719519032944088,-0.9529729189907599,-0.9097227983742393,-0.8327892224411304,-0.7989073368693669,-0.768482254606594,-0.6729620387964494,-0.6629041243312737,-0.6310677401365089,-0.5527544144009943,-0.5238911488398572,-0.47444783879129804,-0.5796046734885459,-0.6121471794960143,-0.6440688436631087
39,-0.9051335419107029,-0.9197849620842622,-0.9166255616398317,-0.8970933698006087,-0.8145769796479336,-0.7657512057535464,-0.7453516477330853,-0.7183743828821862,-0.6529618294468759,-0.6397576063245394,-0.5774783894071653,-0.5665292476751227,-0.5032552161228931,-0.45191126737219683,-0.4707299049495501,-0.4822653358581962
40,-0.9210939110329756,-0.9191770292659808,-0.9178110658456816,-0.92423896504983,-0.8961914252409842,-0.87046482447053,-0.8592491213607285,-0.846819766456574,-0.8054552514378948,-0.7954560510365338,-0.7848888832291299,-0.7631266824448735,-0.7754911997365068,-0.6966623132490894,-0.7047811591309764,-0.8330331193435149
41,-0.9647779560686324,-0.9400310537048373,-0.9180035984587149,-0.8944821621373407,-0.8260454215982204,-0.7947687053208057,-0.7800885669269977,-0.7728108763972024,-0.7397533821109594,-0.69276200284378,-0.6972766748100432,-0.6425994251540754,-0.5256813211605176,-0.5451459558269774,-0.47175886179973237,-0.5273902592606323
42,-0.9463763461808989,-0.9261651306741264,-0.9238066798778418,-0.9247401400829386,-0.8828026205949433,-0.8492337551190083,-0.8285785064621582,-0.7926044805221456,-0.7581090901072438,-0.7420629351446091,-0.7543510740934907,-0.7522245259593843,-0.7396422566486813,-0.5669418202279495,-0.41727232028934214,-0.6074067199940663
43,-0.9375073787113306,-0.9226765263547297,-0.90976873983467,-0.9039979820111398,-0.8479956147232014,-0.8091741045690097,-0.7983102871774252,-0.7552136860491285,-0.7086628420747264,-0.7055886690470343,-0.6680630547504365,-0.644853268905311,-0.5876161681185221,-0.4513483296045653,-0.3095729933413633,-0.4967537947372403
44,-0.9560101733626487,-0.9478623638493896,-0.9482886022370628,-0.9473592436108893,-0.90942094728225,-0.8625406454634191,-0.8223060504440275,-0.8058563237062122,-0.7510881890813013,-0.705478912802278,-0.7433415372243626,-0.6837675458539776,-0.5245724054475218,-0.48877492534151323,-0.4773650300468016,-0.8044574992374688
45,-0.9522759945318576,-0.9356815794968465,-0.9414142351454247,-0.9445002103769174,-0.9061240415419437,-0.8697239432224091,-0.8322367688761346,-0.7676006779455995,-0.7022302551838856,-0.671214311538746,-0.6695664015551597,-0.6632201719191464,-0.5964186085287128,-0.6401770361771317,-0.5544837363726203,-0.644869777665745
46,-0.9281188928554687,-0.9084585234533062,-0.8851936066073806,-0.8704059716424761,-0.8270016475864134,-0.8052346930915206,-0.7916430487702317,-0.7857876666734451,-0.7504338950227034,-0.7640656984559807,-0.7743816458139037,-0.788780242027943,-0.8081983703269893,-0.7723014971344352,-0.8340822197438724,-0.940944347237231
47,-0.9423640064210965,-0.9128904855636989,-0.8995023239536972,-0.8952881908475993,-0.8552966565173885,-0.8294461021276074,-0.8116299822473877,-0.8146810522780565,-0.754022548376774,-0.7169367330111589,-0.7387251905619822,-0.6971283472842307,-0.6632060750409017,-0.5029142203081258,-0.36465852084638145,-0.24634269214382684
48,-0.9729006099123814,-0.9539421147202322,-0.9440547496159127,-0.9245480357933221,-0.8747158212194293,-0.8495608206056914,-0.8208800891316312,-0.7714833655416229,-0.7386387060717656,-0.7235774510413917,-0.6347953761694898,-0.6034607348980184,-0.407538519327179,-0.6312543758540652,-0.6009988389457185,-0.6244019884386577
49,-0.9407631419868681,-0.9401246972136339,-0.9364506518398958,-0.9090278360715451,-0.8328131651626036,-0.7882155465558105,-0.7543452358751217,-0.7197028469213356,-0.6746357987545055,-0.670171395582859,-0.5660575725456953,-0.5149651426207915,-0.34809345869918173,-0.36969236192406413,-0.32991906236628343,-0.28463370073696437
50,-0.9246375197996624,-0.9348860850704489,-0.9401588032363548,-0.9388879411043308,-0.8969045084777121,-0.8566928520396258,-0.8308138813426094,-0.786019313519485,-0.725891363202539,-0.7043814299540672,-0.6744285314013442,-0.6233900055773736,-0.5058834584048368,-0.5031915208941018,-0.47564919229349967,-0.5752645513633092
51,-0.9397641909583596,-0.9147603717824192,-0.8959700255615313,-0.8869916640856813,-0.8225343340501984,-0.7853009902988293,-0.7628191563936555,-0.7442308381268375,-0.6923014248431698,-0.6734531151033938,-0.7158196731246347,-0.6747775854827198,-0.6191171112817058,-0.519216927216656,-0.41679007219177033,-0.4066337112877332
52,-0.9386466917821431,-0.950807894910018,-0.948286274484211,-0.9136020760057686,-0.8346025955106019,-0.7966359576812284,-0.7578730376264056,-0.7195472961450925,-0.6947716803582848,-0.6533473384283587,-0.5896211603646082,-0.5660109842032844,-0.4434023911633377,-0.5578493394209084,-0.5275196202744409,-0.5446777961718254
53,-0.980398246312558,-0.9597324963153291,-0.9346546730451866,-0.8841886974517881,-0.7997900545708133,-0.7639390406517348,-0.7210782234685796,-0.6572481511570926,-0.6568041204108566,-0.6316559000439803,-0.5496449928647468,-0.5344250277144473,-0.43348035232453264,-0.46048222498198016,-0.30934239951131837,-0.14809737068429574
54,-0.9228071189148324,-0.915514723653341,-0.9082129577334028,-0.9124789290991223,-0.8735806933410988,-0.8328146691211881,-0.8245698963994229,-0.8120246407099587,-0.7434177044043784,-0.7120122929211934,-0.7204505744094556,-0.6890993866217899,-0.6621028296473874,-0.6169984394429583,-0.5359696757034926,-0.512185963475719
55,-0.925717058789835,-0.9208844551260895,-0.9365174225211654,-0.9494499269395131,-0.9271290613919692,-0.8864143507196169,-0.8349764121359773,-0.8064792022381475,-0.6841465709695107,-0.6237064744694222,-0.5965364674991367,-0.5380743175440559,-0.49420274107824347,-0.49516165560410924,-0.45137419909226584,-0.21121459898841993
56,-0.9489690683030778,-0.9368175904289697,-0.9325848029696502,-0.9208305138712323,-0.8523664513150386,-0.8094570204372648,-0.7827869289507907,-0.7029458768012884,-0.6318914537472521,-0.6132018057605811,-0.5974319556729979,-0.5401629995541006,-0.4339018303699196,-0.38892699079070703,-0.27156144309203273,-0.3614342147519594
57,-0.9589090962880527,-0.9403283474472237,-0.9331835926407246,-0.9302308132948471,-0.871531648764259,-0.8206730783720404,-0.8013991485589498,-0.7513049364984971,-0.6858519179727711,-0.6597272068580133,-0.6223988548595616,-0.6077461243491261,-0.4983432763590675,-0.48090005685443815,-0.3730155945291195,-0.3238772354081034
58,-0.9583485576349494,-0.936736663514643,-0.9237443127198914,-0.9121196762717871,-0.8579737515864114,-0.8341164309228468,-0.8121014615030571,-0.7736077479587693,-0.7239649709351861,-0.6837208171143184,-0.6808180057745306,-0.6536804768082625,-0.5789099136071882,-0.4264318962181693,-0.2838664107628194,-0.3644146454204178
59,-0.960107527616729,-0.9401024938660341,-0.9154788019782857,-0.8822061069650888,-0.8031798960873567,-0.770389895954718,-0.7550205152506133,-0.7165325330163006,-0.6909341175540167,-0.683477447788687,-0.6311357629727884,-0.6391064475494848,-0.5631052225501597,-0.45388644251691035,-0.3953845294892703,-0.39990737759760964
60,-0.9257714289494139,-0.9084516501069291,-0.9252088117570243,-0.941360131791569,-0.9206449971908601,-0.878964442153343,-0.8240777650165438,-0.7890109311514133,-0.7222328125487367,-0.6826672059187482,-0.6458393980944663,-0.6321452683974479,-0.6186090519422054,-0.5216285180629485,-0.45017534652830504,-0.32305241342431945
61,-0.9506611353712058,-0.9347901636809675,-0.9190270437584734,-0.9039070562382696,-0.8459703169371162,-0.8172119627236464,-0.7822879821840716,-0.7877700499431168,-0.7670631565301759,-0.7396942378551044,-0.7553124970994951,-0.7356198680058323,-0.6237180024532165,-0.5881835522082849,-0.5337546875934492,-0.6963978993130813
62,-0.9645044550878141,-0.9547558469207147,-0.9515463840194472,-0.9294646082790392,-0.8529983425951662,-0.7977297011545068,-0.74743177650531,-0.6633279187549606,-0.633763282915666,-0.615090742350879,-0.5976529495366865,-0.5944178397083519,-0.4405181295968936,-0.5838599924948216,-0.6258730696625097,-0.7380567197141026
63,-0.8958164164798282,-0.9034096634733153,-0.9036130122131922,-0.9086415812566188,-0.8617045031645283,-0.814877176909501,-0.8053410444698351,-0.7592683622333358,-0.6762592707572589,-0.6652791436214045,-0.6503871952243675,-0.6031244960689848,-0.6031826753595253,-0.4242322083217648,-0.28406847639192145,-0.2647468606684345
64,-0.9488118937665051,-0.9356062804527369,-0.9210130252912668,-0.9047092112175801,-0.8438918936519726,-0.8030093086334186,-0.7831584177828476,-0.7640115683354564,-0.6933861589929886,-0.6891583898993048,-0.6781890520504597,-0.6208616641614497,-0.48959101452792064,-0.47140906081432926,-0.3013896752083624,-0.1988042233503154
65,-0.9620068413338579,-0.9475220149980292,-0.9502576118817697,-0.9505005753536181,-0.9150603112871735,-0.8918878095053691,-0.8679898677742398,-0.8580220230753419,-0.7717089590984735,-0.7251190786855968,-0.7363106032659082,-0.6846908160572984,-0.6013530333013775,-0.6694817196339344,-0.7321699826689185,-0.7537737112554526
66,-0.9494380841725281,-0.9358663144157991,-0.9057817218583644,-0.8662718934844142,-0.7838480369939247,-0.7333580390431227,-0.7098642341510453,-0.6709258171090506,-0.6383948176507772,-0.6350453897818519,-0.5480439352969733,-0.49728397652916334,-0.4546500320354309,-0.36944745347924185,-0.2702285943638818,-0.3064175675064351
67,-0.9543687338073155,-0.9342680514908834,-0.9365063243943369,-0.9413034825649954,-0.9025649588211548,-0.8670178286972184,-0.8407683541599236,-0.8110042036212028,-0.7385850366275188,-0.7017651629682831,-0.6950128203656962,-0.6730197849473536,-0.5800233341990548,-0.563713994242528,-0.461242893371618,-0.3483172812320952
68,-0.9467736737323404,-0.919545683555909,-0.9057357996421382,-0.9031799435159484,-0.8432321683170082,-0.7969913576530406,-0.7937679697202168,-0.7113194705161665,-0.6561938720328996,-0.6535882716394074,-0.5588970704928469,-0.5574722337229004,-0.4262355893726334,-0.4206485548774519,-0.3474483551088874,-0.19318058283047546
69,-0.9619596366548986,-0.9356954395162564,-0.9156828859491586,-0.9045745174097227,-0.8506604974652529,-0.8222451481870853,-0.8095313357778486,-0.7915296637879474,-0.741027089053426,-0.7127465650694634,-0.7178520398324659,-0.6897734541486382,-0.685091019483675,-0.5719759693607421,-0.5623249754464547,-0.583558520419482
70,-0.9841189418651013,-0.9639177592882051,-0.9465456088917632,-0.9107952488365155,-0.8275750566799891,-0.7843286940564813,-0.7506074640389028,-0.6872245838405477,-0.6568965829872884,-0.6322362632527931,-0.570501002387741,-0.5525596944231614,-0.41851827026681165,-0.544688515804553,-0.5332222119872503,-0.5743781933033019
71,-0.9488328850745607,-0.9234941851060682,-0.8854511672675512,-0.8514779133807759,-0.7560812354810948,-0.7132712861128166,-0.7183268604716478,-0.6871504785962201,-0.6352316461551779,-0.6321162671852621,-0.5238526179596941,-0.4963901118658015,-0.43749307961793027,-0.3971650476800583,-0.3133252840590122,-0.3386971234738213
72,-0.9801368188461848,-0.9633045590997582,-0.9446566788511752,-0.9028429505859428,-0.817863452590762,-0.7854659332553886,-0.761098151743639,-0.688356520952619,-0.6608455665759767,-0.6744491136142858,-0.5385883636191602,-0.5940251032799856,-0.6155994359999042,-0.605192815765515,-0.5498222043957423,-0.6494362562744602
73,-0.9466446610692489,-0.9307262344547831,-0.921268015507405,-0.9179139374504763,-0.8688466511342344,-0.8267787701078659,-0.8152336281962349,-0.7850475208259777,-0.7209133904662506,-0.7305577905211209,-0.697299238917111,-0.6890816812209181,-0.5964546566784814,-0.49491451689200555,-0.45222592494657726,-0.6384996605036533
74,-0.9186739467891352,-0.9214799844000146,-0.9052282746743622,-0.8911911820482156,-0.8370527373152905,-0.8042177601849415,-0.7858930514660241,-0.7732271019095207,-0.7424161479998529,-0.7064231881510339,-0.7303607705484295,-0.7085189505293004,-0.6389119369179002,-0.6354394828353782,-0.6090358221502836,-0.7127153143624883
75,-0.8947324381386395,-0.8837432725169472,-0.8857289891877196,-0.8930799030764309,-0.8376973776774037,-0.7982249874633323,-0.7831024348641964,-0.7485869659851503,-0.6619050094145388,-0.6514783940070219,-0.6694315578310941,-0.6277686539730067,-0.5211029482970098,-0.4378116546068358,-0.17381126575357297,-0.18140963949700495
76,-0.9526620948116118,-0.934946935470016,-0.9097873845055201,-0.868380898219477,-0.7922614832016333,-0.7563186151914758,-0.7104891399124216,-0.6504675474079786,-0.6196017530300428,-0.6097010176387204,-0.47942369065966384,-0.501462335920656,-0.39567660196522025,-0.38976699052402897,-0.3037828520591016,-0.1889028538336349
77,-0.9868010683838055,-0.9703818502258308,-0.9535451055689883,-0.9085255810636108,-0.8315115285961528,-0.815609156580988,-0.7807126715162029,-0.7203916388334466,-0.7206727254991698,-0.6845808310536337,-0.6135796462905867,-0.5910070963211101,-0.5105981260315431,-0.5764175108164837,-0.5318761579358855,-0.49424438400986803
78,-0.9348593615670888,-0.904347024552457,-0.8947883158089069,-0.8938708701598476,-0.8241886071344199,-0.7766170741321203,-0.7677052535109834,-0.7220343429569122,-0.6437819674297316,-0.6513631985612839,-0.6021361002198007,-0.5709115636027038,-0.5594919310367732,-0.48544234894251836,-0.3993768565903086,-0.5168196687128876
79,-0.8768766751995263,-0.8548504919514877,-0.8344406408173204,-0.8257397444580178,-0.7695085386433544,-0.7237762700264267,-0.7277878605936438,-0.7237847964666295,-0.6921373226047144,-0.7092786063524221,-0.7078006930543184,-0.656102955017601,-0.6111912575627009,-0.5293480445290546,-0.4793655531094939,-0.48953090853758185
80,-0.9457830235315844,-0.9353574822071118,-0.9343837189558986,-0.9254701551820659,-0.868534595389394,-0.8216859399547085,-0.7804114413157909,-0.7475565287255617,-0.7139744213808772,-0.6940395659388389,-0.6957635036986832,-0.6809934707905088,-0.6351565724227342,-0.4764355735930977,-0.3665843463148851,-0.44966450426926374
81,-0.9520369832300282,-0.945554901411614,-0.9172113837493527,-0.8731585717234129,-0.7946881425137976,-0.7471879454521917,-0.7069840145366206,-0.6564234793366135,-0.640456425570741,-0.6394385864834162,-0.5365283093637654,-0.5422883115056014,-0.565991138954941,-0.4284759596945883,-0.4221150041741038,-0.2672615175794538
82,-0.9660524609874188,-0.9466673855299657,-0.9251363880077514,-0.9020584001807265,-0.8307659795702648,-0.7927128393932352,-0.7761235842816,-0.7634695291217874,-0.726926450864497,-0.6890553677398663,-0.6554902951837325,-0.601813592573812,-0.45736805372624767,-0.467066918966991,-0.22379788347046065,-0.10529703412150629
83,-0.9481922778765427,-0.9389706213665598,-0.9277666437976533,-0.9106256395492187,-0.8501512211203375,-0.8084023423417828,-0.7832787900809708,-0.7570412540172978,-0.7075765782555232,-0.6816251118571557,-0.6827493421306756,-0.6506684358827746,-0.62990876802459,-0.4639132834951778,-0.4327934348794755,-0.6417375112689979
84,-0.9638180990983024,-0.9335734371077439,-0.9291633848916077,-0.9145508195414146,-0.8810832305267163,-0.8622561251423978,-0.8429776738885786,-0.828717282424547,-0.7778016063916037,-0.7153957463834673,-0.7293234224656918,-0.6905764753712249,-0.6011784187241787,-0.5525792470058697,-0.4175167028012603,-0.4404751517072585
85,-0.9781018780639288,-0.9575169893350644,-0.9379607930101888,-0.9146380107163311,-0.8566130367301686,-0.8279750222475925,-0.8035556508505397,-0.7669605210206921,-0.7422520579113003,-0.7332349312118894,-0.6773426913407852,-0.6486838915268449,-0.5080224469220569,-0.4223879149865063,-0.4738569508610011,-0.5838098044159967
86,-0.9748919545841396,-0.9469396028837727,-0.9137606573847947,-0.8936308550563252,-0.807248680341545,-0.7652272995188611,-0.7569518296266886,-0.6472327246640722,-0.5969332284386741,-0.6124888288535546,-0.5074799389340627,-0.5069482412445971,-0.45944671853399965,-0.5942200686613236,-0.5164850091882026,-0.6311042764193993
87,-0.9709117201017643,-0.947536611311337,-0.9324212303588739,-0.9166218437598956,-0.8645002740292915,-0.8357875039256678,-0.8115411722641113,-0.7916243365968069,-0.7423459779465019,-0.6999273426474083,-0.6711566756666225,-0.6529300367797568,-0.5120105816230187,-0.526463658610009,-0.5550254707781918,-0.5870882448714452
88,-0.9575091093823491,-0.9364848189277439,-0.9069555391275841,-0.8860840359554699,-0.8163477218382679,-0.7638842071488452,-0.7448464318514287,-0.7096897917738739,-0.6339509998143636,-0.6329191532404228,-0.5825999788556164,-0.5616163500941815,-0.5332975112378622,-0.5084915585655718,-0.3498141744969647,-0.13570103018445742
89,-0.9683601973067921,-0.9467315545435695,-0.9272452734266764,-0.8730641383434272,-0.7685312468974935,-0.7345993352089765,-0.7235029444624528,-0.652296006237906,-0.629300974601767,-0.5983439666788346,-0.5832053512871955,-0.5670810410446379,-0.5275847862206032,-0.660062960363491,-0.6970970974605508,-0.7184626701206785
90,-0.9423658542426181,-0.9068057402268943,-0.9025570846606283,-0.9094701036587365,-0.860712428801592,-0.8124612721910002,-0.7947965096989038,-0.7236531030491128,-0.6664093765883169,-0.664301404163506,-0.5716683797955737,-0.5479744968777014,-0.5697808491054981,-0.5795815022356599,-0.5466099986507652,-0.683631570544292
91,-0.9623328165860089,-0.9493181606806058,-0.9433006357123703,-0.9395252856091016,-0.8833841168501622,-0.8358948744066248,-0.8166168273419078,-0.737804063098503,-0.6686055617279385,-0.6359095043317062,-0.6274311321232426,-0.6193493829771552,-0.4915167717113778,-0.4354724628392004,-0.4393886465021884,-0.2586904779559296
92,-0.9586577289947411,-0.9341853532313851,-0.8954309716229139,-0.8493102988705403,-0.752998865876179,-0.7102785794837034,-0.6915954224509182,-0.6491820576757562,-0.6128255446911284,-0.6104308828624647,-0.5444581932100407,-0.5213090825650561,-0.48189940658319297,-0.5550304209665429,-0.41389271296426383,-0.3503112235362053
93,-0.9376741754279299,-0.9379207111912014,-0.9324615694326723,-0.914194372405691,-0.8632656117638204,-0.8355343360071916,-0.8118680434295834,-0.7831942675734187,-0.7527679642734377,-0.7573701821417855,-0.7352849672824934,-0.6986560502102492,-0.698069947873169,-0.6427657812055279,-0.6469051859231307,-0.7218791558518214
94,-0.9857896310535537,-0.9678782836590653,-0.9447116962755401,-0.9077511936566421,-0.8329414343053937,-0.8036682520321448,-0.7858312704168021,-0.7270655711852949,-0.6854793015422339,-0.6681679402234098,-0.6277227659590197,-0.5945382264752791,-0.5147355740452926,-0.6167136649265471,-0.47556401113484703,-0.33030780295708906
95,-0.9291741928751797,-0.9216431859278834,-0.9151186712682664,-0.9180412499032429,-0.8753429135301402,-0.8335177380139989,-0.8193976339702882,-0.8104006717890213,-0.735112244876017,-0.7116263556692588,-0.6768615518335426,-0.6457949241993008,-0.5272180670198806,-0.4654970415868556,-0.4221271155988938,-0.40404246842944036
96,-0.957214393239435,-0.9379567780690578,-0.928075600719452,-0.9134285345726041,-0.8496713005244811,-0.81325049317565,-0.7852797975253809,-0.7334990383381659,-0.6726304889123088,-0.6214695547487972,-0.6608266596503389,-0.632575217626539,-0.5934877684207507,-0.6839012059278198,-0.6820830321990439,-0.7189423225833979
97,-0.9682803209613332,-0.9425573513716431,-0.9272704487053477,-0.9198624541611764,-0.8607931851788588,-0.8233897222326898,-0.8056583060310518,-0.7376874657138051,-0.715452933610706,-0.7037290122242299,-0.6067997236639511,-0.6381666836804907,-0.5159987286782265,-0.3476404740650028,-0.20986155140109744,-0.19915370300459756
98,-0.9584194453141225,-0.9371971393655723,-0.9026561572759852,-0.8750135911829444,-0.7931801409238375,-0.7554108464299598,-0.7378366396625377,-0.6950506691099364,-0.6600321572588408,-0.6588270665690904,-0.5597857147395822,-0.5346052089535678,-0.43386001676554836,-0.47931688606670053,-0.41623040845291137,-0.3838810374918441
99,-0.9115526868699151,-0.905945193417529,-0.9039037706906655,-0.9072474535427668,-0.8541598286117731,-0.8100648390973615,-0.805539461308594,-0.7675890809169316,-0.704613691486702,-0.6784068472249815,-0.6831130832241494,-0.6366914048528128,-0.6182340387657809,-0.505946180896751,-0.2207981742527081,-0.13872687068985023
100,-0.9668130574218647,-0.9473218102927671,-0.9503140074747445,-0.9173388629862962,-0.8452849766621384,-0.8106797890545947,-0.768579670044488,-0.6873543557095596,-0.6880328447122968,-0.6556512645647632,-0.5188797423409877,-0.5154479107198987,-0.472468802537765,-0.4711385120778673,-0.44393648450534595,-0.3352053294955889
101,-0.9747838833778725,-0.9573579994774069,-0.9135904860774264,-0.833931916345425,-0.7151267262935799,-0.6950705943235636,-0.6853001691600424,-0.5870813606772909,-0.6018550267016192,-0.6311797368718808,-0.47387525849464573,-0.4907785052614411,-0.46283817635718183,-0.5459435604100092,-0.5329632202310893,-0.5398011126654885
102,-0.9462726005846267,-0.9320055762432042,-0.9087736295546939,-0.8745723045956649,-0.7857186648550786,-0.7410069670930726,-0.7129805808248969,-0.6389068171537495,-0.6226583071285655,-0.6229394706973059,-0.5653014176760134,-0.5711711603748139,-0.5137529445358694,-0.5717771465039438,-0.4803086850375339,-0.39926354081464066
103,-0.9486942867536127,-0.9279246624505272,-0.8978920719875605,-0.8785879192812941,-0.8135145040209564,-0.7795711340966793,-0.778467477774044,-0.7689627323386306,-0.7127567782748065,-0.7149179919833146,-0.6724295893996453,-0.6478263344677064,-0.5842719271885837,-0.5212092006846143,-0.44366438693936794,-0.4150699045003577
104,-0.9592129155084754,-0.9608646111803267,-0.9644429281499868,-0.9289860135795732,-0.8213201968855626,-0.7712385609162606,-0.7046345922000057,-0.6094516844221799,-0.6220516798575901,-0.6075881129641371,-0.5560614178714536,-0.558872746164651,-0.4591239928633094,-0.4984510904464236,-0.6104426074880683,-0.4487879723118692
105,-0.9572135011843772,-0.9375989807871976,-0.9026526099829885,-0.8591799405419362,-0.7678584717597696,-0.737283378695552,-0.7321911419331035,-0.7023963604915205,-0.6504141889526543,-0.6517346968816964,-0.606214384986827,-0.5588397428762641,-0.4952203178885825,-0.49045806925688606,-0.38084613139481854,-0.23227478463007586
106,-0.9604587477337316,-0.9443651174860385,-0.9423958263334892,-0.9245641846168964,-0.8627892127778798,-0.8191323274659565,-0.7773417358668296,-0.7370870669220007,-0.6970142686893458,-0.6609790526907066,-0.6804098577921949,-0.6510862563604238,-0.6109581381225109,-0.5623299081553548,-0.6420830142144427,-0.6542938322464676
107,-0.9477285145884293,-0.9399085716730062,-0.9336408391385542,-0.9343775126351721,-0.8994291038162427,-0.861141826059699,-0.8418025767639572,-0.8294428603331778,-0.7726998540247141,-0.7456739917464009,-0.6845628759562632,-0.6899111440628841,-0.6709219858179063,-0.6011025194200845,-0.600808468000317,-0.45623282205110655
108,-0.9753902350764934,-0.9599824446388869,-0.9190134460177433,-0.8290586742639223,-0.6959863263335954,-0.6710726848255691,-0.6485104247690742,-0.5306869474278073,-0.5604684827767119,-0.5501545784726438,-0.4064386632110396,-0.425205723423115,-0.2984093545596879,-0.4043199840585381,-0.3151477614777699,-0.15553848299707057
109,-0.9709188622776053,-0.9471109467879355,-0.8888075576900364,-0.8071616424139996,-0.6947040062229698,-0.6706247898539645,-0.6621835076065534,-0.6036097209665626,-0.5913185701798755,-0.584814944011838,-0.46824117470320714,-0.46599165887088606,-0.4130913147215589,-0.3236657396950181,-0.26905551891752977,-0.20805597304468407
110,-0.9154189478868526,-0.9367369402156273,-0.9215886142618452,-0.89026781912969,-0.7969374759093084,-0.7599080883976037,-0.7339057121315025,-0.6655062820928195,-0.6062746646656347,-0.6338714682926319,-0.5461523343202122,-0.5071403438171245,-0.5570850800408573,-0.5249698719829599,-0.634549174393133,-0.7982392348733671
111,-0.9862319856811326,-0.9681387038537527,-0.950875499859887,-0.9230853142897699,-0.8630768214222567,-0.8359441308608521,-0.810391974423624,-0.7594617621529152,-0.7073486705386556,-0.6626151141571583,-0.644189900130282,-0.5721355618818398,-0.5137780448445036,-0.47907505970712355,-0.2929410781864089,-0.06605232461952724
112,-0.9567804827410051,-0.9365472356249832,-0.9418162322881451,-0.9515327975047836,-0.9175194166963772,-0.8670924885751181,-0.8424398744754817,-0.7459902266938896,-0.6793073829361675,-0.6550401103998974,-0.6318923574521995,-0.6209801051233675,-0.6108341958198996,-0.5377057650665105,-0.441391902566697,-0.4799001350164975
113,-0.9391628236170377,-0.9224915843185354,-0.9071956722153631,-0.9038504267940755,-0.8427168307402069,-0.7902181479001262,-0.7851130070000251,-0.7441639158979831,-0.6706855633929308,-0.6798970956310144,-0.6346975981062393,-0.6304080602167621,-0.6412223709930657,-0.4582728999912609,-0.3497240851825346,-0.4059558352282513
114,-0.9562373654657981,-0.9418803008122199,-0.9207043098229435,-0.9056346223552363,-0.8311559637392154,-0.7866274021536646,-0.7731948824583542,-0.7394308248872103,-0.6820140118047018,-0.6526240145435321,-0.6406655723252996,-0.619843800535141,-0.5751403709924422,-0.4331565749089179,-0.2839109597920615,-0.34034943894521297
115,-0.986786492840789,-0.9677335970108006,-0.9502779182077761,-0.8998888281838003,-0.7905742103830709,-0.7365775090934079,-0.7070809506858187,-0.637747148830662,-0.587866495860315,-0.5770843814373049,-0.5572467295956367,-0.5016356314225252,-0.3953125075458521,-0.41640689662295566,-0.2928043328890031,-0.11362502932217874
116,-0.9479036529059282,-0.9266357937619835,-0.9155926315460631,-0.9120861557441465,-0.8444970815503343,-0.79013740465117,-0.7727695745562987,-0.6907594941359331,-0.631514639005244,-0.6456006443459439,-0.5598524187255893,-0.5291127313918624,-0.4223969916646303,-0.4848041878024751,-0.38576512225036697,-0.35135850743260155
117,-0.9510648180343666,-0.9266713128906117,-0.8748172964988787,-0.8251154160895361,-0.7359710136070394,-0.7165975160519176,-0.7143152370172752,-0.676922757204415,-0.6542849673370152,-0.6728014186996858,-0.5776196794717783,-0.5643158390733779,-0.5480554990849342,-0.4658049091103792,-0.3144577436657296,-0.3416493840493553
118,-0.9592782967658691,-0.9256196957292038,-0.8820859890096383,-0.8406434479445604,-0.7905297827705207,-0.7755616127737491,-0.7372248712923093,-0.7565611665775296,-0.7447233176913801,-0.7072332258341574,-0.697428140936858,-0.676374317339766,-0.5853372112700381,-0.5189345441281237,-0.4725913155652335,-0.7321503644489799
119,-0.9757735558165204,-0.9585910567964651,-0.9605089579926092,-0.9291314709724979,-0.8387305475461697,-0.7827829340527984,-0.7214379195192167,-0.5974131641904473,-0.5912545325843518,-0.5662814896754869,-0.4940998124047723,-0.5004881921204186,-0.2748104219578682,-0.5351627044218203,-0.520898694048493,-0.5750321615653256
120,-0.9403424979166245,-0.9364003309989162,-0.9426448269911143,-0.9200163703918662,-0.8645050267617662,-0.82856453972077,-0.789325999418403,-0.7502315601871132,-0.6876379540417347,-0.6575103990840168,-0.6308440695855979,-0.5871896222671136,-0.5137330460755709,-0.4357739326038333,-0.4185902491829199,-0.19013689900644462
121,-0.9534269304959471,-0.9284113507003886,-0.9103997762451935,-0.9029963535935708,-0.8488495649908044,-0.7961056515145889,-0.7819664455186504,-0.7221342206165443,-0.6470167344938396,-0.6562333351552596,-0.5671674016118299,-0.5330536422890144,-0.49343010755555733,-0.32198071816127055,-0.18782322879311655,-0.20740324405675548
122,-0.9379562442538341,-0.9278580106531773,-0.8892625801909232,-0.8534047584924049,-0.753138801930712,-0.7115682422423443,-0.7224655824846111,-0.6826177921969987,-0.6286121358178629,-0.6659712380450594,-0.5956328897585924,-0.567028403622072,-0.5299564317791599,-0.43154898467173197,-0.3742807404920552,-0.2969168750982295
123,-0.9703632522465471,-0.9406756167949799,-0.9346455138830935,-0.9311214264334531,-0.9004094215365823,-0.8683633209154256,-0.8370338035817578,-0.8198512465478545,-0.7826698594402766,-0.7411565514643086,-0.7571316716974517,-0.728823651706817,-0.6980061176605923,-0.621897488634001,-0.5308528170879101,-0.5148784276374847
124,-0.9495677436695148,-0.933697976604421,-0.8897906649815661,-0.8265178987851034,-0.7302992212281585,-0.6898541453216795,-0.7028827961345844,-0.651407311668463,-0.5989806015001028,-0.6667589674062264,-0.5744721120684654,-0.5726858897202898,-0.509770476446471,-0.5719513169261508,-0.551592323361261,-0.5034454912899615
125,-0.9639461059867888,-0.9459297184500499,-0.9428160956398295,-0.9264945105593361,-0.8731896497136167,-0.83089624007794,-0.7889513801511712,-0.7740405670761572,-0.7339635719875484,-0.694535713399498,-0.685189305561434,-0.5928560535790012,-0.5307927343251564,-0.34940538309681185,-0.333012138194555,-0.3582748985067807
126,-0.9322952334151908,-0.9265155116582812,-0.930329085010339,-0.9317455676193653,-0.8936083951031668,-0.8612885236663939,-0.8319423912544868,-0.7902556993624869,-0.7343693726484435,-0.746465119300514,-0.7188655883426945,-0.7282848521874535,-0.7047685612320047,-0.6909747182647191,-0.6680399547604345,-0.7357650681498528
127,-0.9597984446963262,-0.9409957121027263,-0.9323224686635324,-0.9299105928302112,-0.8870292453149449,-0.8577945648077971,-0.8379002389084638,-0.8272032168954584,-0.7631754515550107,-0.7251956944660605,-0.7352605344420308,-0.7054171644884856,-0.6950886705526458,-0.6752974271666476,-0.6786557955887684,-0.46772039365874685
128,-0.8929573680539533,-0.9245511357232222,-0.9349804195665856,-0.9464594248484156,-0.9244648548585892,-0.8704663587263386,-0.8369382525720341,-0.7934339238096643,-0.6823163225471401,-0.6382510217098079,-0.6312921503273484,-0.567636087153346,-0.5149592431985022,-0.4761484412732302,-0.3703061266748149,-0.5184654207116839
129,-0.9359786971587614,-0.9188368419739019,-0.8945511018985948,-0.8783929762864064,-0.8001879524844431,-0.7485419840634322,-0.7420999349714752,-0.7336814886454874,-0.692667887224088,-0.6942846090675769,-0.6541155712829232,-0.614988772244033,-0.4144554299643596,-0.4989631033399374,-0.46027879854587755,-0.5567841318259632
130,-0.9753447750272708,-0.9552276705134852,-0.9107571386490143,-0.8300924824693627,-0.7026919473307588,-0.6832860340463716,-0.6739952664296746,-0.5834088695557036,-0.6028169179509509,-0.6104592057992486,-0.4741847510227519,-0.5343861208727487,-0.4545199130656514,-0.432903864191597,-0.3019448640530161,-0.3129020343907655
131,-0.9621106715376875,-0.9450350024220955,-0.932598828237662,-0.9014412850100296,-0.8314361453742706,-0.7901630426942454,-0.7616733476912547,-0.7133532640294337,-0.6824025331954479,-0.6638616969170055,-0.6439234522725859,-0.5514867117158495,-0.46835268131406393,-0.3559986451923437,-0.28600373544337065,-0.4513127498222758
132,-0.9026134139995842,-0.8919981821851815,-0.884522598110454,-0.8786788153997437,-0.8231765427712135,-0.7851817028398806,-0.7726284973336159,-0.7714911662050296,-0.705645354597753,-0.6920183779742113,-0.7197133148231095,-0.6338667899594103,-0.5644872418409339,-0.47226840027943884,-0.36364097987294774,-0.5851797944693715
133,-0.9715568479607078,-0.9502925197562053,-0.9154590325567185,-0.8643243667213444,-0.7498743965873382,-0.701191145915854,-0.6830547549795905,-0.587371444400189,-0.5728662283754394,-0.5903159325707994,-0.4717396673420323,-0.46646584525245804,-0.3166540426782458,-0.3767343701751773,-0.268374630390398,-0.3869069339812679
134,-0.9591018001859704,-0.9485994008211502,-0.9327572775007456,-0.9125785441202171,-0.8640610037298119,-0.8348880613290942,-0.8142351814357998,-0.7866663721281466,-0.7407430605687764,-0.7325524132818169,-0.7176784734794439,-0.6979586171117715,-0.6493969568657202,-0.5244797634755174,-0.40591315433127007,-0.5235402852671162
135,-0.9841935909068784,-0.9678561876220056,-0.9583733183094018,-0.8989766150414888,-0.7581862600288157,-0.6986742809790274,-0.6521248481393918,-0.4990102294887617,-0.5124577268808193,-0.4796428861451816,-0.40689547784234903,-0.4363450915602938,-0.38210468975239487,-0.36802038398512416,-0.3159112940977953,-0.09541029593785438
136,-0.9685092574749858,-0.9510759224622689,-0.9205980118458308,-0.8565026447695501,-0.7314998514618416,-0.6949989848980272,-0.6756527858082726,-0.5644988077225409,-0.5699347297917037,-0.5641962670911497,-0.476080562380611,-0.5375150214537459,-0.4782226592668016,-0.4489362640361542,-0.42299372663650747,-0.49095862673403035
137,-0.9603921485154635,-0.9524071060609661,-0.9509796525046816,-0.9239725578652902,-0.8522289169008577,-0.8096911991507368,-0.7523705916083475,-0.7083026583568508,-0.6948290324246339,-0.6743416653038747,-0.691497701845018,-0.630047703960801,-0.5047229867800462,-0.6421534672515967,-0.6326304896805687,-0.6189999738716396
138,-0.9355641151035803,-0.9092605622116576,-0.9111864257251909,-0.9217889775899251,-0.872353541974667,-0.8098452089416266,-0.7837487234093754,-0.6750730431504851,-0.6255713516443201,-0.6024647031331801,-0.5614911154116204,-0.5480494230059726,-0.49560460894241226,-0.5940230089783095,-0.5254336533804665,-0.5383871747842991
139,-0.9218555341636047,-0.9197820189112896,-0.9142630805916652,-0.9070930376637221,-0.8485616326935814,-0.8089415253220208,-0.7921461919314167,-0.7494314500397097,-0.7015688261213111,-0.6927353386521732,-0.6468374426792507,-0.6046446739465325,-0.5489938696095588,-0.5389166201815164,-0.5341899096324314,-0.7381443554428191
140,-0.9277556334062929,-0.9189813224946952,-0.9213676503766328,-0.9273083678045092,-0.8779924496330229,-0.8358076249810242,-0.8196943080283905,-0.7666697643617109,-0.7128888151355403,-0.7122188059299848,-0.675463524867129,-0.6711079659312681,-0.6322594923535062,-0.578518351134121,-0.5040567157294756,-0.5207585045206568
141,-0.9484318901466344,-0.9325275954687124,-0.899476525303789,-0.8425343869796785,-0.7267608892833948,-0.7058870693542982,-0.7179672393819609,-0.6566662657479034,-0.6261499964477728,-0.6569875668204784,-0.5264797577662637,-0.535674730239633,-0.5218793917943977,-0.29534874597173855,-0.12151002484683715,-0.0912389801936887
142,-0.9873089632023522,-0.9687031023534354,-0.9484936831775875,-0.9092985179840976,-0.8240930669789057,-0.7920963928462769,-0.7580319063352268,-0.7110807594701716,-0.6807052372962468,-0.6392285045548795,-0.642247942215868,-0.5794982103010038,-0.43389598376195093,-0.5351603189194204,-0.4799673402237882,-0.49962779236960164
143,-0.9434144570436178,-0.9270838022421178,-0.8889698271246834,-0.8607738541406709,-0.8057589901055258,-0.7724923984358163,-0.7700139116641197,-0.7726128576820851,-0.7456911201407049,-0.734630098302453,-0.7092502515253524,-0.6908686801057882,-0.5588412669235272,-0.4801373072127357,-0.5093374918236273,-0.7794660772783757
144,-0.9847963383519602,-0.9656652437254724,-0.9177614009085481,-0.8483378199384849,-0.7396708858829926,-0.7187351169483582,-0.7097661343977373,-0.657917151899009,-0.6608596207351773,-0.6334704076105159,-0.4949927892192759,-0.5060525483898748,-0.507961970444343,-0.4668957306781563,-0.34595906595274184,-0.2934589215220871
145,-0.9204327919308268,-0.9542749811772148,-0.9583168032265341,-0.9437616321733306,-0.8662843977633751,-0.8168403323028901,-0.7722021856248419,-0.6698187286878543,-0.6142300173733827,-0.6200455339949057,-0.5391761306038672,-0.4933262806764561,-0.4825040431463961,-0.4035758489228009,-0.48049579206152204,-0.2407141150213139
146,-0.9542064511957888,-0.9280234652874318,-0.9188237885844837,-0.91787776786606,-0.8677915839470294,-0.8322208166113135,-0.8238401792120192,-0.8045465447121012,-0.7340014058406593,-0.706053339036578,-0.7080709945805632,-0.6779883248626072,-0.644211708513915,-0.5264123351730404,-0.5831801281494168,-0.6500084603908574
147,-0.9492879826534193,-0.9398145136419579,-0.9379916901510222,-0.9372202642809944,-0.8870759593824811,-0.8410791209689196,-0.8271391431490726,-0.7797453442703008,-0.6946188699474507,-0.6589313791917913,-0.6472912388318391,-0.6095671314303795,-0.46808321112961204,-0.42999359352379485,-0.2698677668725159,-0.24501060420539683
148,-0.910120639340134,-0.9246592047732964,-0.9206606745632737,-0.9054550504819016,-0.8385161132998922,-0.8008748671642916,-0.781633185412588,-0.709675220445974,-0.6398072336762197,-0.6115645274252779,-0.6061023098035494,-0.5682447771159386,-0.565899935230748,-0.5816260452583889,-0.5423541238736931,-0.6080457350366988
149,-0.9800319656342802,-0.9580339379646576,-0.9150487730292567,-0.8585866808440331,-0.7632768960626121,-0.7400386476510555,-0.7197425968580577,-0.7074072957945279,-0.677946657948557,-0.6335729589302743,-0.6323874292739702,-0.6013290572375105,-0.41551312627871895,-0.5903898568666686,-0.613640280790386,-0.49646680905833507
150,-0.9719250595278276,-0.9544800649217631,-0.9103264868038873,-0.8388913015876251,-0.7187102537530696,-0.6922423035734095,-0.68875352254038,-0.5855206128212682,-0.5602958070386899,-0.5754001489799271,-0.42091803092754554,-0.439397918326644,-0.43779465354801794,-0.38934778338517356,-0.3568415703341564,-0.3672246684952801
151,-0.8882106923285809,-0.8824324096953146,-0.8674072126465638,-0.8761849758929321,-0.8168611905611851,-0.7686101879156598,-0.78287171638654,-0.7510952394305347,-0.684588290626033,-0.719679065883012,-0.6030721236531061,-0.6048162668854785,-0.6264080500326543,-0.48205898256947516,-0.45936539856565006,-0.43368191056258026
152,-0.9440400118107857,-0.9375889587846289,-0.9267673473022827,-0.9012308215230899,-0.8254959892271563,-0.7724885914303503,-0.7423451249584399,-0.6807041517754908,-0.6314263069829802,-0.6182068927614102,-0.6121964641177461,-0.5949964410977935,-0.4925687978059158,-0.5188533159863695,-0.4384943193108548,-0.3902052023714405
153,-0.9781530782252771,-0.9621791335971672,-0.9527504854608784,-0.9204998481209745,-0.8414131202676749,-0.7962262334892949,-0.7538758645197617,-0.6852044710689106,-0.7024945978437941,-0.6515942955890428,-0.5686798936347668,-0.5497561508276979,-0.4780606617809962,-0.4663352579032063,-0.44245178022935994,-0.4157536560287123
154,-0.9617880151370262,-0.9356433335934473,-0.9037222687401802,-0.8531588668134821,-0.7567929792066839,-0.7321745498677492,-0.7320996643596868,-0.6665331393032168,-0.6471615435156037,-0.6549466502347165,-0.530572984221692,-0.5535625215821129,-0.6049384433785724,-0.6005270502939914,-0.5759353121914047,-0.6345559591197472
155,-0.907286376182099,-0.8959087931630528,-0.8945364060551778,-0.8962726968667021,-0.832708145000251,-0.7805293998383842,-0.7710224924528805,-0.717441124740676,-0.6752051204071011,-0.7023804812321828,-0.6686914107107974,-0.6630316674632954,-0.6612081739709104,-0.5881404202059304,-0.4581666078035386,-0.538573859974401
156,-0.9631546776072384,-0.9485076917560605,-0.9358555419030928,-0.883059051574628,-0.7636286431448365,-0.7176130927279554,-0.6775644681015426,-0.5900629884893833,-0.5699369899741582,-0.5839443618418585,-0.5516400897655145,-0.5312407998679792,-0.40917085706724166,-0.5609330706801393,-0.526651416164038,-0.531215627307902
157,-0.9541315211459335,-0.9365727906139969,-0.9026322419599695,-0.8773604269921944,-0.7983263659319271,-0.7628346397308023,-0.7682603725675354,-0.7557587844163447,-0.6923234281619972,-0.6937035218997483,-0.6671925549526314,-0.6275939078779358,-0.5331712440618196,-0.43614941331062546,-0.3422953793758282,-0.4527184767311031
158,-0.9564391815246578,-0.9568294773363627,-0.9582781515720343,-0.940456295395439,-0.8824691674863409,-0.8437241196437453,-0.8072657735933966,-0.7415461543178875,-0.6967785389986766,-0.6433729529835925,-0.648052104943339,-0.6412570400264422,-0.6590720759242826,-0.6074943498861753,-0.56869869613051,-0.5470535238263448
159,-0.9672342212309317,-0.9411637066740731,-0.9080015345940886,-0.8632570550047972,-0.7733578208891202,-0.7415098300380554,-0.7081147895429033,-0.6853647789663436,-0.670560083104369,-0.667669560392893,-0.6477319269807001,-0.6379493725873151,-0.5758196293027393,-0.5931064330615048,-0.5897239434721129,-0.630922253154456
160,-0.8404589624219152,-0.834984934322391,-0.8012789707502328,-0.8008565439354478,-0.7322442297572574,-0.7087285954797218,-0.7172234563857889,-0.7180777929557842,-0.6582781747088247,-0.6389900649678273,-0.6655968182460286,-0.6410329629613118,-0.6253067723697815,-0.6103159627696441,-0.6079376429040253,-0.8058001623225135
161,-0.9654341355584132,-0.9490929463015285,-0.9395901133287818,-0.935416917928189,-0.8852941768247333,-0.8403606965304579,-0.8179214904825558,-0.777199492082087,-0.6933250839560674,-0.660360768210775,-0.6304300700409919,-0.5691632988598723,-0.5603252899212692,-0.44163577027861295,-0.30868684768573573,-0.301672806538856
162,-0.9880300329930377,-0.9769380752041258,-0.9566363461155621,-0.9095243996326329,-0.8233134850130793,-0.7974313728111069,-0.7767465282899719,-0.7163448729179788,-0.6942822776139405,-0.6668123295472409,-0.5710130674188822,-0.5335402817777345,-0.4053148970650743,-0.6868475365222783,-0.6714741419985688,-0.6857547903883437
163,-0.9502709912969242,-0.924462365408916,-0.9064623908063658,-0.8945120035364451,-0.8338787222371326,-0.8124862653906916,-0.8080448036842042,-0.8219274613988781,-0.7757730469478307,-0.7594345597374964,-0.7402356479852399,-0.722623906309622,-0.6322874993169982,-0.5556490369022038,-0.45632969322961325,-0.7412401172328187
164,-0.9528180525887407,-0.9480901777637766,-0.9427665179522727,-0.933450059991655,-0.8928373689644604,-0.8612365512493112,-0.8363709276859577,-0.8169472506686648,-0.7913265078226148,-0.760602707693141,-0.7735294243392065,-0.7524489751504415,-0.7088842729706772,-0.5675283208743427,-0.5883478827716722,-0.7569523057387196
165,-0.944891098992182,-0.9066528829329006,-0.8849816423473035,-0.8738024881684968,-0.8148202655352325,-0.7942819683061061,-0.7752700648840466,-0.7857819485906599,-0.7468210838259011,-0.7322125680179268,-0.6945366247045246,-0.6646947083742263,-0.63577075305624,-0.5137996603771751,-0.4390478960532471,-0.6243830757131528
166,-0.9528432515568384,-0.9276697872313099,-0.9099790911785963,-0.898659671998567,-0.843467153878823,-0.8031748211414489,-0.7789111417960289,-0.7654948088509834,-0.7502997624918801,-0.710892530353216,-0.7149819819107008,-0.7184963608802265,-0.7194558163778106,-0.6104841768229651,-0.645308462517051,-0.7840203692257856
167,-0.9522562420420265,-0.9387742227954151,-0.9378748797809103,-0.9235170931511785,-0.8566276060329902,-0.8193435836173755,-0.8036370296530624,-0.7573152147592423,-0.6718416112046419,-0.6598082938097014,-0.594470513131663,-0.5799996002177108,-0.48915460351285756,-0.5893384590770071,-0.6501976590203506,-0.6126488514100537
168,-0.9489818292037892,-0.9320876493253253,-0.902219170859937,-0.8626845879901892,-0.7641778256646294,-0.7278481663779467,-0.7212484787042185,-0.6861309521406694,-0.6507519687291996,-0.6765266903626167,-0.6327148387899193,-0.6440569309162991,-0.6119446308304565,-0.4576760134583593,-0.4046252878628167,-0.5908927873190171
169,-0.9505194583114972,-0.9339693878001681,-0.916148875847929,-0.8954970742160189,-0.8143713726181474,-0.7772557181116524,-0.7734989048230367,-0.7365086212268738,-0.6813962408609237,-0.6852236299345289,-0.5930417240420168,-0.5973424175185867,-0.5798991497515118,-0.460797371033171,-0.37631058204762385,-0.3993386234555041
170,-0.966279547257623,-0.9427957365323778,-0.9366768872123872,-0.9306177530587577,-0.8783471138872407,-0.8425089310565959,-0.8164488297820527,-0.7789770223476716,-0.7170809762297694,-0.6711940506130608,-0.6667647312143957,-0.6251634138468651,-0.5224756023687225,-0.4644182526273441,-0.41241758799339123,-0.3424734454976294
171,-0.9192924769783556,-0.918954077124615,-0.9412168252804263,-0.9581566658121852,-0.9283060319882865,-0.869893084498455,-0.8423817449519011,-0.7498992351810523,-0.6592901176624698,-0.6076011293687071,-0.5496534903687423,-0.46081439950423075,-0.34752432939904837,-0.3240931910078602,-0.2646464430149046,-0.32543838710934087
172,-0.986036194296648,-0.9665121499858381,-0.9441163313763961,-0.8954359134259939,-0.8042895346404433,-0.7697786699419225,-0.7515795485703316,-0.6757640674094443,-0.6588236874118621,-0.6375320554956629,-0.6073058605348018,-0.6214712769815701,-0.5593462132013958,-0.7618453291475471,-0.7531917877258196,-0.6659547850234249
173,-0.9690880000594942,-0.9470290922848852,-0.9367772636890381,-0.9155018366708298,-0.8464690382001665,-0.8119064813641728,-0.7920558793833743,-0.7575825069720108,-0.7027111713553408,-0.6753404121486551,-0.6811676891082721,-0.6379813251953901,-0.5539124706280066,-0.4627237459012796,-0.443395293892848,-0.5030217975625032
174,-0.9385567269854347,-0.9418608044081871,-0.9297515007771056,-0.8812434826729377,-0.7976658469873126,-0.7752811653248586,-0.7503703219769069,-0.696427139950232,-0.688650745432874,-0.6651413000800526,-0.5731042082716737,-0.5333069725874332,-0.5472834441739298,-0.4949754032723533,-0.49381838018151225,-0.4402783502207367
175,-0.9098153730336389,-0.9308559108778531,-0.9432799815537886,-0.9515729693463285,-0.9146223057202824,-0.8650861609490577,-0.8314070829690718,-0.7708458426280151,-0.6797149440252608,-0.6464071811436337,-0.6395614278017102,-0.6144415889651526,-0.5773102799892416,-0.6347495284154554,-0.5781222228050608,-0.6714170613516057
176,-0.958917883455946,-0.9294658322616851,-0.9319471576553486,-0.9350785282856168,-0.9065968517731602,-0.8745628837612516,-0.8539689860734033,-0.8376784650559594,-0.7657171389719917,-0.7026435525226653,-0.7261065739174835,-0.6533686618565344,-0.5766817329923422,-0.5096912988492635,-0.38524479747525875,-0.27575018146086766
177,-0.9252350854126987,-0.9293864219236097,-0.9430855976340505,-0.9485788421117262,-0.9114669416135349,-0.8672380341364497,-0.8306714065631505,-0.744602000882002,-0.667005268003419,-0.6305260054400891,-0.6077050448200605,-0.5851109350969539,-0.48953879778680964,-0.4865899831579732,-0.31414126759521405,-0.439490968012249
178,-0.9728233003095537,-0.9578106275349861,-0.9382599780415911,-0.8948107857027339,-0.8086828228098023,-0.7690067801859004,-0.742731915082087,-0.6761260874144742,-0.6458985205445003,-0.6233506461925689,-0.6138042555708425,-0.581053334613489,-0.4170035843081664,-0.565312653467042,-0.5625036338855436,-0.5108487613907069
179,-0.9729884469943336,-0.9465732731213977,-0.9252300184598283,-0.8991864737558379,-0.8357172742753349,-0.8098708470071672,-0.7834279378097178,-0.777496116803586,-0.7486424628376177,-0.7387518127198162,-0.7061038912964046,-0.6747941716646615,-0.5847959260888433,-0.5137730946879427,-0.36354328662457913,-0.4784416292572865
180,-0.9376390754366427,-0.9346055573051267,-0.9301546369472806,-0.9355227236188373,-0.8921511536808455,-0.8454346459668238,-0.8288106937174098,-0.787103719318285,-0.6887421749013012,-0.6626503470420705,-0.6712822720202398,-0.6519706999610939,-0.6409804176602435,-0.5918694016780038,-0.4628750376076981,-0.3682199484795482
181,-0.9395857095485624,-0.9268584920115155,-0.9264663580013859,-0.9253523576774391,-0.8898643056488025,-0.8606087002057906,-0.8336320905797867,-0.8266548670136245,-0.7816845072534095,-0.7595542453342108,-0.7702082724174991,-0.7333860643460555,-0.6558323694279424,-0.5009576009944708,-0.5029689090168579,-0.7242912185590565
182,-0.9458490345769741,-0.9275051107909825,-0.8615276503624211,-0.761401510977441,-0.6165443016430034,-0.5928481523309705,-0.6117765803304509,-0.5284359991645756,-0.5390644485461453,-0.5759035281281394,-0.4215599184068381,-0.4754458350738967,-0.43375587521030246,-0.4371848304791085,-0.2868059000118112,-0.2983727012054114
183,-0.9651611199162351,-0.9418310366175414,-0.9285011327398711,-0.898720999224927,-0.8265369884303555,-0.786571517949821,-0.7597196881106182,-0.7281123152612995,-0.69736802817453,-0.6901388416801801,-0.6719607105422349,-0.6110071526891603,-0.5088872100535335,-0.5487864852734813,-0.6058395285937015,-0.5701487816391967
184,-0.9391871599010758,-0.9178648543945863,-0.8574101432981411,-0.8045093110934407,-0.710918707070092,-0.6735595506297924,-0.6770981363630086,-0.6239075701489252,-0.609375200504388,-0.6531756798759174,-0.5120279785066932,-0.5123465527941135,-0.4426562228965535,-0.45718973125290907,-0.3809075843821469,-0.382647577082605
185,-0.9461218148569737,-0.9352639696508847,-0.9259300412777136,-0.8883948668903391,-0.8141137061178576,-0.7751899368953258,-0.7400449207417126,-0.694274376657248,-0.6762434893406069,-0.68589141955797,-0.6153622646012269,-0.619405968975382,-0.5981194462466494,-0.4540571549880777,-0.3971334632487382,-0.3380884876774244
186,-0.9428120973985171,-0.9328407029736765,-0.9273937510820365,-0.9246441723814736,-0.8656696242395796,-0.8096657632381116,-0.7844679305621742,-0.7322351591817481,-0.6509286881150534,-0.6427664928587384,-0.6440308645286958,-0.628769106580081,-0.6019840632893393,-0.4760021741553861,-0.29033741286603787,-0.26486077524062235
187,-0.9436175092233324,-0.9250886640406748,-0.9318490376462103,-0.9385833170759638,-0.8968873633189655,-0.8533063232846589,-0.8370415631154078,-0.7547308493172433,-0.6804445231145598,-0.6323056404332391,-0.5951962658525086,-0.5686354626195879,-0.4990738108644772,-0.48524332487337823,-0.401374934403099,-0.42887046780446814
188,-0.9704681650723759,-0.9467834993130277,-0.9323760743286296,-0.9042024543483604,-0.8211615686154988,-0.7805135594073903,-0.7608974326974799,-0.6932997157949847,-0.639365762707913,-0.6528629353600357,-0.5918622829711745,-0.569618654999316,-0.508225661107735,-0.5386253067170075,-0.44321284609605405,-0.36733528811131744
189,-0.9523640981146223,-0.9332627193516518,-0.9309152543924161,-0.934313894316583,-0.8908328147200596,-0.8457755299434537,-0.8215806335632774,-0.7682902198739374,-0.7093587141157868,-0.69841236890224,-0.6719550584248043,-0.621964807765568,-0.5938906453495408,-0.5115137908843754,-0.37526691126542255,-0.5725504286378755
190,-0.9431718509233079,-0.9249593398300652,-0.9079755580251586,-0.8794354859044293,-0.8013792117773074,-0.7591486513576327,-0.7351132164276617,-0.7031942958550307,-0.6779964425658923,-0.7078361427044213,-0.6587650200804467,-0.6364312035125134,-0.5214744289916353,-0.4986056767136392,-0.565287150025911,-0.7453502007224612
191,-0.9339775598507634,-0.905619886600349,-0.8995102492862992,-0.89918646873186,-0.8361946965109632,-0.7914649110782157,-0.7890460354367211,-0.729923726830551,-0.6867623125412993,-0.6774133164716221,-0.6739815914652647,-0.6145828271097058,-0.5455355254687806,-0.5938624786992339,-0.6736077919149817,-0.6374676137655251
192,-0.9723239013675149,-0.953532543577496,-0.9316481732538571,-0.9049326286074957,-0.8418344754640893,-0.8082380155041755,-0.7891255243510985,-0.7674833120540383,-0.7250600516743231,-0.7025146220395464,-0.6852479361408079,-0.6481396321002826,-0.523039270480328,-0.4602886423728691,-0.46933279202493944,-0.541884727287046
193,-0.9250531868416519,-0.91409055205631,-0.9135791371204081,-0.9057637073870706,-0.8303776043912933,-0.7697796568640447,-0.7403304708551522,-0.625971168106676,-0.574204997963913,-0.5628481930742157,-0.46783488169237814,-0.4527612651194366,-0.41330667388774034,-0.3880534468495783,-0.24336507767739354,-0.48319847665131854
194,-0.954187497518846,-0.9307098296770906,-0.9269498196268033,-0.930385799150109,-0.890207087735901,-0.8485858435675877,-0.8191040448233357,-0.7883566637481451,-0.7105808552448829,-0.6790779634650217,-0.6945667654117834,-0.6752048442454106,-0.6324712232023126,-0.5831168829358502,-0.5986213281965929,-0.776319735748634
195,-0.9254899350155595,-0.9095709741660306,-0.9108549103262665,-0.9078639267332703,-0.8515287548678941,-0.8078234514984617,-0.7895983660254642,-0.738821855253273,-0.662021481995855,-0.6623024190831908,-0.6745381059317684,-0.6543603179965007,-0.6690645980753117,-0.5206352847880297,-0.43221658063043383,-0.4896283168240896
196,-0.9429178023819422,-0.9387890083308257,-0.9118674435011114,-0.8812094449865959,-0.789692597340229,-0.7517274298707164,-0.7531848746588894,-0.698581085185501,-0.630065442770509,-0.6378164719634953,-0.6017575759651798,-0.5195288254239406,-0.46164886992881127,-0.2908401762044355,-0.20640489687188335,-0.018272343709600673
197,-0.9469319891753477,-0.9448194514976207,-0.9372467750402171,-0.9088845026292922,-0.8307594796534411,-0.7995373271758038,-0.7725300914485509,-0.7150943080080004,-0.6891601596656868,-0.6454283683508744,-0.578018354506963,-0.5879434601346852,-0.5346425195949538,-0.39205634411218826,-0.3400357111213524,-0.4487068654261236
198,-0.9716194342130804,-0.9500441056986713,-0.9400101934737821,-0.9234167103463318,-0.8718064157122406,-0.8313249568444054,-0.7980391474338107,-0.7252786063680379,-0.6794940030147114,-0.6339886654622107,-0.5815773348169616,-0.5540533320453915,-0.5604473592024292,-0.4161112658451406,-0.35255252716202634,-0.40312115490686107
199,-0.9607109278220831,-0.9396947316600264,-0.9289221757176446,-0.9214131166499089,-0.874787071274111,-0.8396301449932286,-0.8212873775196143,-0.7925585945727565,-0.7405192314966709,-0.7121704899872574,-0.6860640686866718,-0.6788184602962505,-0.6374167215020433,-0.6126976853318435,-0.5936277247813877,-0.6361879083205476
200,-0.963987192881305,-0.9391620717006809,-0.8964434514874713,-0.8574124524506641,-0.7601647164553749,-0.7358437407848735,-0.738592659128516,-0.7329782174441635,-0.7007619329505005,-0.6820752143161102,-0.6319008770524789,-0.6353978904992912,-0.5638918850457838,-0.3989035291632882,-0.4138473504207014,-0.5909150581766184
201,-0.8774176466006796,-0.8766328762282838,-0.8524719659013633,-0.853214927295646,-0.7814396209077609,-0.7357697757550363,-0.7582382598944488,-0.7262033111389432,-0.6628877855225721,-0.6644541643735489,-0.6634771127145345,-0.5944996688938828,-0.5894784444313372,-0.5252483323757434,-0.461919508275332,-0.2872965539972729
202,-0.9540810889836984,-0.9306404247955542,-0.9345023507225538,-0.9364506363855606,-0.8982361811864525,-0.8571275039062496,-0.8244387451610119,-0.763237682328184,-0.7106743386165468,-0.6882374970145126,-0.6570107554382765,-0.6336775956521102,-0.5517829096680094,-0.373244258806535,-0.24801715819563622,-0.32650446546774314
203,-0.9373275764320166,-0.9308392807847861,-0.9400151575782527,-0.940472516334859,-0.89355360799378,-0.8487046037576765,-0.8141597967315849,-0.7275082599654921,-0.6549409596566163,-0.6432403179707012,-0.6238555997350111,-0.6151266446972852,-0.5525441927854855,-0.4885782430130874,-0.3429801383837962,-0.5661131717132997
204,-0.9372033959959734,-0.9239841004550166,-0.9228272068634926,-0.9177016193340188,-0.8636502919352459,-0.7994715951729843,-0.7742302923362754,-0.7012609297689687,-0.6130879777296603,-0.6495106920339011,-0.5567627223591456,-0.5470243798745704,-0.5373941137589184,-0.4965152483452783,-0.5245280556117643,-0.6043111559742853
205,-0.9585765989939515,-0.9464660133882201,-0.9320678786854846,-0.9112271379361154,-0.8374899223452315,-0.7991310999830643,-0.7754103341721339,-0.7173587898093283,-0.6619306666240921,-0.632802891641141,-0.6315173399927201,-0.5948768801862778,-0.5533660962160551,-0.4236690038727461,-0.4119350642173184,-0.46994490826331653
206,-0.9438974946822072,-0.9327837260391473,-0.935380102545667,-0.9376214563153261,-0.9033723107836977,-0.8780275746501573,-0.8598287099960542,-0.8330844776425463,-0.785020332054847,-0.7354786799887372,-0.7358640240515328,-0.6928986708953726,-0.6497426567266953,-0.670948855842128,-0.5991046501374336,-0.5340048727083908
207,-0.9205349202875044,-0.9178754775252282,-0.9050316787721222,-0.8915452432907197,-0.8302877409280536,-0.8047847058489597,-0.8021287066829446,-0.7709884607174599,-0.7187966264999948,-0.7008548149348435,-0.6576971960281764,-0.6040297313461713,-0.60206234055627,-0.4188420359494983,-0.3122924070632227,-0.36296770565998904
208,-0.9475000702239119,-0.9181614201794747,-0.8831827285050033,-0.8487355144771506,-0.7554596503970459,-0.7058989975772509,-0.7197225962315026,-0.6786051820709189,-0.6179860467779538,-0.6499828120500438,-0.5959755695503286,-0.5484348747427432,-0.5109629041525068,-0.49656305504648013,-0.4906627165970168,-0.5238650744977957
209,-0.9830239823370069,-0.9617154686800968,-0.9300549444291074,-0.8661446378873454,-0.752416251505652,-0.7200421722034498,-0.7015522111679191,-0.5955438577724045,-0.5982701747791761,-0.5572619627062467,-0.4829739980702668,-0.5179816265817379,-0.46065430101284777,-0.5185433676657152,-0.5311473746327191,-0.5773206631209773
210,-0.9605092679195498,-0.9399311163091171,-0.9244574624810491,-0.9145260289720786,-0.866557160253863,-0.8439448173719619,-0.8282345182648254,-0.8194446060210009,-0.7729028778399141,-0.7334262409518973,-0.7272259048116188,-0.6709289119037567,-0.6639442313829151,-0.5535799398741228,-0.6730986469150623,-0.8432820413432989
211,-0.9390236797477554,-0.9397280427775574,-0.938382880108271,-0.9376447248096962,-0.8843993208283901,-0.8332767282652926,-0.8112122226344365,-0.7312626178493554,-0.6512303296965567,-0.6380330937472052,-0.6043397608452921,-0.5643376269926053,-0.5393852253417795,-0.4439871452729348,-0.40637476712400306,-0.3978600896109575
212,-0.9311716473129472,-0.9244609998394235,-0.9301879507670461,-0.9359045534657771,-0.8919804872662005,-0.8522690131526979,-0.8292649055280265,-0.8015484991536803,-0.7230409264565576,-0.6980602949264343,-0.7011809704019695,-0.6597975393808699,-0.6270537491482573,-0.48149909369892385,-0.311566350649257,-0.284334864062497
213,-0.9403757305018219,-0.9458581017324099,-0.9342982159441171,-0.9051357305654837,-0.8251944883133996,-0.7788705856642751,-0.7536357310079586,-0.7318021526333347,-0.6612698942099484,-0.674842163162122,-0.6358079384359201,-0.5606952055277933,-0.4623874778919392,-0.4163138058589286,-0.35297550415325696,-0.389064572520897
214,-0.9705405602814209,-0.9461416190567716,-0.9172412798663006,-0.8505690090903513,-0.7614677073358456,-0.7301698547451598,-0.7116424414501638,-0.6191858452480383,-0.6201438245026035,-0.6249086718099283,-0.5351257984666237,-0.5227079130634191,-0.3612262644562137,-0.4494482681616338,-0.43099035147579556,-0.26813698873179215
215,-0.972510154644775,-0.9473662682931061,-0.9227334384538626,-0.8960551494552706,-0.8197115959876388,-0.7871571962767552,-0.7628774371488152,-0.7532519809168812,-0.7073227375527804,-0.6873463162474671,-0.6909789412776114,-0.6533829173311565,-0.6371483837445046,-0.5548440620871783,-0.35365948494710775,-0.3093425186950506
216,-0.9289187326556292,-0.9204111280254054,-0.9208879842042715,-0.9261363671925367,-0.8854827387488821,-0.8581889824509564,-0.8435595840669469,-0.8109010332643233,-0.7085693607542116,-0.6703434159926402,-0.6589880013252377,-0.601735132263886,-0.5647172263398732,-0.5816979312403335,-0.5645423661529684,-0.30740325120457457
217,-0.9747307196231465,-0.9500502957293525,-0.9296084136197795,-0.9095548570825717,-0.8465939603829704,-0.8155138414808704,-0.7941280508885046,-0.76375475972344,-0.7385169686810753,-0.7047986757886189,-0.6951968968702755,-0.6673019742109356,-0.5866823237629033,-0.5850382379551744,-0.5102746078956331,-0.4506815944476976
218,-0.9333382478130352,-0.9286481761324945,-0.92205555998325,-0.906807055254378,-0.8189311525413379,-0.7782782769959691,-0.7484091654352838,-0.6408099194511039,-0.599731747219227,-0.5775586201666435,-0.5244522167596136,-0.5047775929531488,-0.4685196322203696,-0.5557561403955493,-0.5732206012471787,-0.7384827381033594
219,-0.9607776560532131,-0.9455342389180853,-0.9236628091262843,-0.902281310398653,-0.8317025197114852,-0.8024286653892774,-0.7989038099820908,-0.7601404826675493,-0.7239191979579656,-0.7094493266892186,-0.6341825087025242,-0.62782033812888,-0.5635107079801271,-0.45523200971225053,-0.413020010782926,-0.42745764357797494
220,-0.9722892656711173,-0.9466179290008132,-0.933283622599994,-0.9257173975263983,-0.8830107586077955,-0.8568151976255339,-0.8420061722500897,-0.8156923993900691,-0.754919434658594,-0.7304074703577159,-0.688832482879248,-0.6507579050885515,-0.604202125821802,-0.5578192870805481,-0.5530217104754926,-0.5766537836975072
221,-0.8927471890926032,-0.8764965887090472,-0.8388868740593297,-0.8313157998281344,-0.721961607668724,-0.6747612435958256,-0.7177881179979662,-0.6724547104871936,-0.6220786303431931,-0.6621428052343894,-0.5958612586989253,-0.5765863250198879,-0.6116934222972725,-0.3311885691293621,-0.2479604991079954,-0.05034875889033656
222,-0.9194252543085295,-0.9254453966759781,-0.9291111985356473,-0.9310087790307927,-0.889709743195443,-0.8530026861912803,-0.8303237465023108,-0.8115290360661911,-0.7510555975079662,-0.7369656174351237,-0.7402499647075285,-0.6944467838142121,-0.6734053988881998,-0.6737184278752479,-0.6809990655564582,-0.7666680359385964
223,-0.948271398564492,-0.9377571059199122,-0.935173919294786,-0.9349959845842494,-0.8769964347974915,-0.8338264704917169,-0.8180952599560489,-0.7926510539991317,-0.711091967772031,-0.6816984061246057,-0.6575327086923892,-0.6116190784124884,-0.5525156134643755,-0.47612272891473917,-0.38049618207312963,-0.398735756360261
224,-0.9599642455867406,-0.9356409497175937,-0.9193415718320248,-0.8998492351487112,-0.8225243808281564,-0.7858581412406082,-0.766614637994954,-0.7388158942217007,-0.6915805173436824,-0.6807950871359858,-0.6516990647912478,-0.6216665521159608,-0.5086358393671705,-0.5968636134936357,-0.5741803176610133,-0.4676599105049359
225,-0.9069084824614158,-0.9042013138506397,-0.8849650137038767,-0.8719283086320799,-0.8202934493633101,-0.7884309139057047,-0.7732000087683265,-0.7973081555409797,-0.7366743365965156,-0.715585914696453,-0.6899917379237017,-0.6226772073524135,-0.5600838678844178,-0.49704021797420594,-0.4458713185106564,-0.5094058825348591
226,-0.9592388564795251,-0.9355721751664066,-0.913835596861551,-0.8989357889708437,-0.8319283457487159,-0.7851185085632247,-0.7766219191835484,-0.7314907848553532,-0.6710799518190254,-0.6700942238638241,-0.6093800719347076,-0.5708115168543844,-0.4975243429445281,-0.4132172239165614,-0.28974677289342,-0.18721377160178326
227,-0.9589771787813364,-0.9436081143965074,-0.9179336033683589,-0.8814638848645648,-0.8160172378860411,-0.7923510855816538,-0.7897353284747464,-0.7744483031861589,-0.7045060385738376,-0.7049897984932618,-0.6994504242381044,-0.6474607848387374,-0.5740946895995356,-0.7459906232136897,-0.7140674135776663,-0.815417421169077
228,-0.9677827411980424,-0.9421174174966833,-0.9233017770666961,-0.9068970307014836,-0.8265014012023256,-0.7726075785217913,-0.7650338616213856,-0.6463119886184265,-0.5872535761129425,-0.6049596267706772,-0.5225437319092492,-0.5325529538176071,-0.555140708091448,-0.6913941626542248,-0.6753214551270477,-0.7245113988966332
229,-0.9764872338740307,-0.9585321841244582,-0.914672283866177,-0.843459042404983,-0.7227330401980689,-0.6980464126648198,-0.6894508456600327,-0.586842413173237,-0.589241007816044,-0.5960273546295702,-0.45157811337726633,-0.4959506502992407,-0.3862524806380728,-0.5344804136563266,-0.49883528712323294,-0.536613429829766
230,-0.978976251704198,-0.9557254539860065,-0.9079075037372201,-0.8466273654281526,-0.7469622650390175,-0.7163391932124766,-0.7068016396822729,-0.6547077216131356,-0.6156894019974576,-0.5704558801433638,-0.49457085051782507,-0.5099094685122079,-0.35157381731432474,-0.5196177289459006,-0.479122066637736,-0.331439010465608
231,-0.9181383330074286,-0.9269289478490523,-0.9426561799167065,-0.9544683387990991,-0.9362436090865843,-0.8829041202677909,-0.8382984762165945,-0.768672274681699,-0.7024220094583506,-0.6782835286885356,-0.6541624233279186,-0.5964151326599811,-0.5293259385881174,-0.4416565782438367,-0.37080986828501444,-0.4248801588539698
232,-0.9043691987412035,-0.9094688786784518,-0.9081530576830986,-0.8940387173912733,-0.8298031064641274,-0.7853320966596212,-0.7557437906121673,-0.737768377145567,-0.6650840522238939,-0.6612019135200721,-0.6574332440517371,-0.6064484892291001,-0.5680862984288765,-0.49391617640361424,-0.4865698368287002,-0.5660402891268431
233,-0.9771843203850556,-0.955788405586768,-0.9355566201348997,-0.8957502621908731,-0.8167690094263396,-0.7691567340384322,-0.7475388084540969,-0.6467565570659766,-0.584467071126036,-0.5701125122460127,-0.4797216629750436,-0.47690495517549614,-0.4584447429004452,-0.6249358961642331,-0.6627360116691301,-0.389232989858334
234,-0.938217852387235,-0.9368388283590308,-0.9370901448339135,-0.8986757775754034,-0.8302527801338098,-0.7971601884458879,-0.7605306740420879,-0.7376478895833807,-0.705366306994486,-0.6966301984213551,-0.689438923055866,-0.6389586587349679,-0.5169617408468439,-0.5436149967556843,-0.5579840564367865,-0.5136761491456519
235,-0.9507525309121002,-0.9396162349690224,-0.9316391666567931,-0.913926961609518,-0.853905997613051,-0.8035128901884117,-0.7784985036952313,-0.7317955819268509,-0.6789139142466216,-0.6867982071789845,-0.6315934356221811,-0.603516497577572,-0.6121867533231322,-0.5579285743620422,-0.5777869745024862,-0.5651964665432934
236,-0.9528586195467923,-0.932219134912033,-0.9318758592409746,-0.9049946031369013,-0.8277656633221505,-0.7797502803314512,-0.7446238143910674,-0.6586450676262326,-0.6468013268683273,-0.6197573098057174,-0.5811991907430172,-0.5646792843252122,-0.5518401529882608,-0.5608795761147274,-0.6238244624067297,-0.7048836025453432
237,-0.9027087686330996,-0.8935117764113083,-0.881767044390966,-0.8774763198786311,-0.8041912029441147,-0.7722949287497333,-0.7808892539264667,-0.7530379771296627,-0.6656368187723447,-0.6501682579108248,-0.6278718226388046,-0.5720258658551614,-0.4428485158431188,-0.4152655915015515,-0.33479677609203085,-0.3991046891441882
238,-0.9578877538536499,-0.9341831233357547,-0.9284444775659308,-0.9248774377327389,-0.8843320113140782,-0.8400663488047044,-0.8104206801908455,-0.7768761324344677,-0.7119663950472304,-0.6973682633959795,-0.6480445623152749,-0.6413705804281052,-0.5702498073919101,-0.4703833693329855,-0.3551434795337283,-0.4436928968200935
239,-0.9437613368715851,-0.9130677481711023,-0.8780304575497693,-0.8446671947940475,-0.7616744165895433,-0.7322714355979338,-0.7331728467668048,-0.7153326848527313,-0.6871320430270158,-0.7169397165622704,-0.6996755008633293,-0.6945279501913167,-0.7072326106004214,-0.618609455792658,-0.5348531247226491,-0.6380365369506866
240,-0.9464055936029804,-0.9432937275234466,-0.9555271263675842,-0.9572185697150264,-0.9216914418936787,-0.8616421258950391,-0.7972111286651427,-0.6350846733893191,-0.5731436475876861,-0.5376196007938207,-0.4834696426033156,-0.5123578004993299,-0.4726325341102601,-0.38994970609593127,-0.3384768367389882,-0.5016049222554856
241,-0.9616037121140808,-0.9433751335532617,-0.948781460721736,-0.9203059757831308,-0.8434845999803744,-0.798962374990668,-0.7473541823907563,-0.6415188114243948,-0.613788089976021,-0.5833191087661259,-0.5496384364019071,-0.5332528104587471,-0.40550928636490724,-0.5421279060178145,-0.5103246830763958,-0.4139829065641231
242,-0.9388522210193408,-0.9179216782217337,-0.8967171589938971,-0.8833397664558925,-0.8219009831635398,-0.7735300143598454,-0.7631648394991918,-0.7615062147528334,-0.707421605795327,-0.6988704813597517,-0.6736622091869771,-0.6495978669527774,-0.5578119085158483,-0.5228709150937988,-0.5362261354568403,-0.7785544774443971
243,-0.9619875527078046,-0.9374651060086703,-0.9134430309245196,-0.8788871852472494,-0.7931267216704103,-0.7594093547627446,-0.7377433975956588,-0.7034690112277175,-0.6497271768283494,-0.6248689099653987,-0.5840145718269905,-0.5531479721862503,-0.5041696212088471,-0.387171121659607,-0.2331057935664516,-0.08318675718883708
244,-0.9176963989709856,-0.9135075980153606,-0.9130574318480579,-0.9121021168533738,-0.8718583260953419,-0.8101299724158667,-0.7759424305871369,-0.708882004692257,-0.6268347793125325,-0.6598655583323949,-0.5779981687999309,-0.6003370644574799,-0.5916203743336396,-0.5699044147308053,-0.4761104424856213,-0.36805482994342015
245,-0.9462725353963389,-0.9348118097621297,-0.9316686647638682,-0.9348799982172143,-0.8869612955576673,-0.8411151491612554,-0.8333205265515857,-0.7808537827949881,-0.694998821357982,-0.6761968262973864,-0.653432966076997,-0.6157008886608337,-0.5400896040743002,-0.5276786272372895,-0.5089857050935492,-0.36491118066247097
246,-0.9435907619392301,-0.9302328171651303,-0.9265536559709459,-0.9267837655484626,-0.8908421560165736,-0.8627896594273131,-0.8412054876203182,-0.83793256753329,-0.7785563545160956,-0.756962981095519,-0.7828374608766938,-0.743146287168104,-0.7056524194237266,-0.5360068665306089,-0.45685484064418047,-0.539622307155227
247,-0.9639533169375855,-0.9394370663189364,-0.9006417544830418,-0.8673974216266689,-0.792223497801846,-0.7646219106287313,-0.7743490239084558,-0.755777517040151,-0.7125665115765314,-0.7370313596049103,-0.6784197357065522,-0.6663921394330723,-0.5808247965121457,-0.587891873092682,-0.5892479430592997,-0.7805915614690502
248,-0.9681633880767752,-0.955379102111648,-0.9542177798728826,-0.9501792380394057,-0.9155153293604238,-0.8600589451232754,-0.8013630835725114,-0.648426947234626,-0.5641564668982832,-0.5677035431247391,-0.4756036426213651,-0.5061751530944052,-0.5188820256184713,-0.5903545388746456,-0.5948974166252681,-0.7124524517575204
249,-0.9732788630311522,-0.9402672704716322,-0.9139057589955124,-0.8901881973641242,-0.8399892037267382,-0.8108271550363028,-0.7812645876394153,-0.7595571544923244,-0.7230621985688858,-0.6976401313713949,-0.6435582176232046,-0.6272266751601012,-0.5902536793984567,-0.7157389833634241,-0.6161929443497469,-0.3991648259435089
